"0x00300",230,336
"0x00301",230,334
"0x00302",230,338
"0x00303",230,339
"0x00304",230,333
"0x00305",230,340
"0x00306",230,337
"0x00307",230,341
"0x00308",230,342
"0x00309",230,343
"0x0030A",230,344
"0x0030B",230,345
"0x0030C",230,335
"0x0030D",230,346
"0x0030E",230,347
"0x0030F",230,348
"0x00310",230,349
"0x00311",230,350
"0x00312",230,351
"0x00313",230,352
"0x00314",230,353
"0x00315",232,732
"0x00316",220,171
"0x00317",220,172
"0x00318",220,173
"0x00319",220,174
"0x0031A",232,733
"0x0031B",216,161
"0x0031C",220,175
"0x0031D",220,176
"0x0031E",220,177
"0x0031F",220,178
"0x00320",220,179
"0x00321",202,155
"0x00322",202,156
"0x00323",220,180
"0x00324",220,181
"0x00325",220,182
"0x00326",220,183
"0x00327",202,157
"0x00328",202,158
"0x00329",220,184
"0x0032A",220,185
"0x0032B",220,186
"0x0032C",220,187
"0x0032D",220,188
"0x0032E",220,189
"0x0032F",220,190
"0x00330",220,191
"0x00331",220,192
"0x00332",220,193
"0x00333",220,194
"0x00334",1,1
"0x00335",1,2
"0x00336",1,3
"0x00337",1,4
"0x00338",1,5
"0x00339",220,195
"0x0033A",220,196
"0x0033B",220,197
"0x0033C",220,198
"0x0033D",230,354
"0x0033E",230,355
"0x0033F",230,356
"0x00340",230,357
"0x00341",230,358
"0x00342",230,359
"0x00343",230,360
"0x00344",230,361
"0x00345",240,745
"0x00346",230,362
"0x00347",220,199
"0x00348",220,200
"0x00349",220,201
"0x0034A",230,363
"0x0034B",230,364
"0x0034C",230,365
"0x0034D",220,202
"0x0034E",220,203
"0x00350",230,366
"0x00351",230,367
"0x00352",230,368
"0x00353",220,204
"0x00354",220,205
"0x00355",220,206
"0x00356",220,207
"0x00357",230,369
"0x00358",232,734
"0x00359",220,208
"0x0035A",220,209
"0x0035B",230,370
"0x0035C",233,736
"0x0035D",234,740
"0x0035E",234,741
"0x0035F",233,737
"0x00360",234,742
"0x00361",234,743
"0x00362",233,738
"0x00363",230,371
"0x00364",230,372
"0x00365",230,373
"0x00366",230,374
"0x00367",230,375
"0x00368",230,376
"0x00369",230,377
"0x0036A",230,378
"0x0036B",230,379
"0x0036C",230,380
"0x0036D",230,381
"0x0036E",230,382
"0x0036F",230,383
"0x00483",230,384
"0x00484",230,385
"0x00485",230,386
"0x00486",230,387
"0x00487",230,388
"0x00591",220,210
"0x00592",230,389
"0x00593",230,390
"0x00594",230,391
"0x00595",230,392
"0x00596",220,211
"0x00597",230,393
"0x00598",230,394
"0x00599",230,395
"0x0059A",222,323
"0x0059B",220,212
"0x0059C",230,396
"0x0059D",230,397
"0x0059E",230,398
"0x0059F",230,399
"0x005A0",230,400
"0x005A1",230,401
"0x005A2",220,213
"0x005A3",220,214
"0x005A4",220,215
"0x005A5",220,216
"0x005A6",220,217
"0x005A7",220,218
"0x005A8",230,402
"0x005A9",230,403
"0x005AA",220,219
"0x005AB",230,404
"0x005AC",230,405
"0x005AD",222,324
"0x005AE",228,330
"0x005AF",230,406
"0x005B0",10,98
"0x005B1",11,99
"0x005B2",12,100
"0x005B3",13,101
"0x005B4",14,102
"0x005B5",15,103
"0x005B6",16,104
"0x005B7",17,105
"0x005B8",18,106
"0x005B9",19,108
"0x005BA",19,109
"0x005BB",20,110
"0x005BC",21,111
"0x005BD",22,112
"0x005BF",23,113
"0x005C1",24,114
"0x005C2",25,115
"0x005C4",230,407
"0x005C5",220,220
"0x005C7",18,107
"0x00610",230,408
"0x00611",230,409
"0x00612",230,410
"0x00613",230,411
"0x00614",230,412
"0x00615",230,413
"0x00616",230,414
"0x00617",230,415
"0x00618",30,123
"0x00619",31,125
"0x0061A",32,127
"0x0064B",27,117
"0x0064C",28,119
"0x0064D",29,121
"0x0064E",30,124
"0x0064F",31,126
"0x00650",32,128
"0x00651",33,129
"0x00652",34,130
"0x00653",230,416
"0x00654",230,417
"0x00655",220,221
"0x00656",220,222
"0x00657",230,418
"0x00658",230,419
"0x00659",230,420
"0x0065A",230,421
"0x0065B",230,422
"0x0065C",220,223
"0x0065D",230,423
"0x0065E",230,424
"0x0065F",220,224
"0x00670",35,131
"0x006D6",230,425
"0x006D7",230,426
"0x006D8",230,427
"0x006D9",230,428
"0x006DA",230,429
"0x006DB",230,430
"0x006DC",230,431
"0x006DF",230,432
"0x006E0",230,433
"0x006E1",230,434
"0x006E2",230,435
"0x006E3",220,225
"0x006E4",230,436
"0x006E7",230,437
"0x006E8",230,438
"0x006EA",220,226
"0x006EB",230,439
"0x006EC",230,440
"0x006ED",220,227
"0x00711",36,132
"0x00730",230,441
"0x00731",220,228
"0x00732",230,442
"0x00733",230,443
"0x00734",220,229
"0x00735",230,444
"0x00736",230,445
"0x00737",220,230
"0x00738",220,231
"0x00739",220,232
"0x0073A",230,446
"0x0073B",220,233
"0x0073C",220,234
"0x0073D",230,447
"0x0073E",220,235
"0x0073F",230,448
"0x00740",230,449
"0x00741",230,450
"0x00742",220,236
"0x00743",230,451
"0x00744",220,237
"0x00745",230,452
"0x00746",220,238
"0x00747",230,453
"0x00748",220,239
"0x00749",230,454
"0x0074A",230,455
"0x007EB",230,456
"0x007EC",230,457
"0x007ED",230,458
"0x007EE",230,459
"0x007EF",230,460
"0x007F0",230,461
"0x007F1",230,462
"0x007F2",220,240
"0x007F3",230,463
"0x00816",230,464
"0x00817",230,465
"0x00818",230,466
"0x00819",230,467
"0x0081B",230,468
"0x0081C",230,469
"0x0081D",230,470
"0x0081E",230,471
"0x0081F",230,472
"0x00820",230,473
"0x00821",230,474
"0x00822",230,475
"0x00823",230,476
"0x00825",230,477
"0x00826",230,478
"0x00827",230,479
"0x00829",230,480
"0x0082A",230,481
"0x0082B",230,482
"0x0082C",230,483
"0x0082D",230,484
"0x00859",220,241
"0x0085A",220,242
"0x0085B",220,243
"0x008E4",230,485
"0x008E5",230,486
"0x008E6",220,244
"0x008E7",230,487
"0x008E8",230,488
"0x008E9",220,245
"0x008EA",230,489
"0x008EB",230,490
"0x008EC",230,491
"0x008ED",220,246
"0x008EE",220,247
"0x008EF",220,248
"0x008F0",27,118
"0x008F1",28,120
"0x008F2",29,122
"0x008F3",230,492
"0x008F4",230,493
"0x008F5",230,494
"0x008F6",220,249
"0x008F7",230,495
"0x008F8",230,496
"0x008F9",220,250
"0x008FA",220,251
"0x008FB",230,497
"0x008FC",230,498
"0x008FD",230,499
"0x008FE",230,500
"0x008FF",230,501
"0x0093C",7,33
"0x0094D",9,54
"0x00951",230,502
"0x00952",220,252
"0x00953",230,503
"0x00954",230,504
"0x009BC",7,34
"0x009CD",9,55
"0x00A3C",7,35
"0x00A4D",9,56
"0x00ABC",7,36
"0x00ACD",9,57
"0x00B3C",7,37
"0x00B4D",9,58
"0x00BCD",9,59
"0x00C4D",9,60
"0x00C55",84,133
"0x00C56",91,134
"0x00CBC",7,38
"0x00CCD",9,61
"0x00D4D",9,62
"0x00DCA",9,63
"0x00E38",103,135
"0x00E39",103,136
"0x00E3A",9,64
"0x00E48",107,137
"0x00E49",107,138
"0x00E4A",107,139
"0x00E4B",107,140
"0x00EB8",118,141
"0x00EB9",118,142
"0x00EC8",122,143
"0x00EC9",122,144
"0x00ECA",122,145
"0x00ECB",122,146
"0x00F18",220,253
"0x00F19",220,254
"0x00F35",220,255
"0x00F37",220,256
"0x00F39",216,162
"0x00F71",129,147
"0x00F72",130,148
"0x00F74",132,154
"0x00F7A",130,149
"0x00F7B",130,150
"0x00F7C",130,151
"0x00F7D",130,152
"0x00F80",130,153
"0x00F82",230,505
"0x00F83",230,506
"0x00F84",9,65
"0x00F86",230,507
"0x00F87",230,508
"0x00FC6",220,257
"0x01037",7,39
"0x01039",9,66
"0x0103A",9,67
"0x0108D",220,258
"0x0135D",230,509
"0x0135E",230,510
"0x0135F",230,511
"0x01714",9,68
"0x01734",9,69
"0x017D2",9,70
"0x017DD",230,512
"0x018A9",228,331
"0x01939",222,325
"0x0193A",230,513
"0x0193B",220,259
"0x01A17",230,514
"0x01A18",220,260
"0x01A60",9,71
"0x01A75",230,515
"0x01A76",230,516
"0x01A77",230,517
"0x01A78",230,518
"0x01A79",230,519
"0x01A7A",230,520
"0x01A7B",230,521
"0x01A7C",230,522
"0x01A7F",220,261
"0x01AB0",230,523
"0x01AB1",230,524
"0x01AB2",230,525
"0x01AB3",230,526
"0x01AB4",230,527
"0x01AB5",220,262
"0x01AB6",220,263
"0x01AB7",220,264
"0x01AB8",220,265
"0x01AB9",220,266
"0x01ABA",220,267
"0x01ABB",230,528
"0x01ABC",230,529
"0x01ABD",220,268
"0x01B34",7,40
"0x01B44",9,72
"0x01B6B",230,530
"0x01B6C",220,269
"0x01B6D",230,531
"0x01B6E",230,532
"0x01B6F",230,533
"0x01B70",230,534
"0x01B71",230,535
"0x01B72",230,536
"0x01B73",230,537
"0x01BAA",9,73
"0x01BAB",9,74
"0x01BE6",7,41
"0x01BF2",9,75
"0x01BF3",9,76
"0x01C37",7,42
"0x01CD0",230,538
"0x01CD1",230,539
"0x01CD2",230,540
"0x01CD4",1,6
"0x01CD5",220,270
"0x01CD6",220,271
"0x01CD7",220,272
"0x01CD8",220,273
"0x01CD9",220,274
"0x01CDA",230,541
"0x01CDB",230,542
"0x01CDC",220,275
"0x01CDD",220,276
"0x01CDE",220,277
"0x01CDF",220,278
"0x01CE0",230,543
"0x01CE2",1,7
"0x01CE3",1,8
"0x01CE4",1,9
"0x01CE5",1,10
"0x01CE6",1,11
"0x01CE7",1,12
"0x01CE8",1,13
"0x01CED",220,279
"0x01CF4",230,544
"0x01CF8",230,545
"0x01CF9",230,546
"0x01DC0",230,547
"0x01DC1",230,548
"0x01DC2",220,280
"0x01DC3",230,549
"0x01DC4",230,550
"0x01DC5",230,551
"0x01DC6",230,552
"0x01DC7",230,553
"0x01DC8",230,554
"0x01DC9",230,555
"0x01DCA",220,281
"0x01DCB",230,556
"0x01DCC",230,557
"0x01DCD",234,744
"0x01DCE",214,160
"0x01DCF",220,282
"0x01DD0",202,159
"0x01DD1",230,558
"0x01DD2",230,559
"0x01DD3",230,560
"0x01DD4",230,561
"0x01DD5",230,562
"0x01DD6",230,563
"0x01DD7",230,564
"0x01DD8",230,565
"0x01DD9",230,566
"0x01DDA",230,567
"0x01DDB",230,568
"0x01DDC",230,569
"0x01DDD",230,570
"0x01DDE",230,571
"0x01DDF",230,572
"0x01DE0",230,573
"0x01DE1",230,574
"0x01DE2",230,575
"0x01DE3",230,576
"0x01DE4",230,577
"0x01DE5",230,578
"0x01DE6",230,579
"0x01DE7",230,580
"0x01DE8",230,581
"0x01DE9",230,582
"0x01DEA",230,583
"0x01DEB",230,584
"0x01DEC",230,585
"0x01DED",230,586
"0x01DEE",230,587
"0x01DEF",230,588
"0x01DF0",230,589
"0x01DF1",230,590
"0x01DF2",230,591
"0x01DF3",230,592
"0x01DF4",230,593
"0x01DF5",230,594
"0x01DFC",233,739
"0x01DFD",220,283
"0x01DFE",230,595
"0x01DFF",220,284
"0x020D0",230,596
"0x020D1",230,597
"0x020D2",1,14
"0x020D3",1,15
"0x020D4",230,598
"0x020D5",230,599
"0x020D6",230,600
"0x020D7",230,601
"0x020D8",1,16
"0x020D9",1,17
"0x020DA",1,18
"0x020DB",230,602
"0x020DC",230,603
"0x020E1",230,604
"0x020E5",1,19
"0x020E6",1,20
"0x020E7",230,605
"0x020E8",220,285
"0x020E9",230,606
"0x020EA",1,21
"0x020EB",1,22
"0x020EC",220,286
"0x020ED",220,287
"0x020EE",220,288
"0x020EF",220,289
"0x020F0",230,607
"0x02CEF",230,608
"0x02CF0",230,609
"0x02CF1",230,610
"0x02D7F",9,77
"0x02DE0",230,611
"0x02DE1",230,612
"0x02DE2",230,613
"0x02DE3",230,614
"0x02DE4",230,615
"0x02DE5",230,616
"0x02DE6",230,617
"0x02DE7",230,618
"0x02DE8",230,619
"0x02DE9",230,620
"0x02DEA",230,621
"0x02DEB",230,622
"0x02DEC",230,623
"0x02DED",230,624
"0x02DEE",230,625
"0x02DEF",230,626
"0x02DF0",230,627
"0x02DF1",230,628
"0x02DF2",230,629
"0x02DF3",230,630
"0x02DF4",230,631
"0x02DF5",230,632
"0x02DF6",230,633
"0x02DF7",230,634
"0x02DF8",230,635
"0x02DF9",230,636
"0x02DFA",230,637
"0x02DFB",230,638
"0x02DFC",230,639
"0x02DFD",230,640
"0x02DFE",230,641
"0x02DFF",230,642
"0x0302A",218,170
"0x0302B",228,332
"0x0302C",232,735
"0x0302D",222,326
"0x0302E",224,327
"0x0302F",224,328
"0x03099",8,52
"0x0309A",8,53
"0x0A66F",230,643
"0x0A674",230,644
"0x0A675",230,645
"0x0A676",230,646
"0x0A677",230,647
"0x0A678",230,648
"0x0A679",230,649
"0x0A67A",230,650
"0x0A67B",230,651
"0x0A67C",230,652
"0x0A67D",230,653
"0x0A69F",230,654
"0x0A6F0",230,655
"0x0A6F1",230,656
"0x0A806",9,78
"0x0A8C4",9,79
"0x0A8E0",230,657
"0x0A8E1",230,658
"0x0A8E2",230,659
"0x0A8E3",230,660
"0x0A8E4",230,661
"0x0A8E5",230,662
"0x0A8E6",230,663
"0x0A8E7",230,664
"0x0A8E8",230,665
"0x0A8E9",230,666
"0x0A8EA",230,667
"0x0A8EB",230,668
"0x0A8EC",230,669
"0x0A8ED",230,670
"0x0A8EE",230,671
"0x0A8EF",230,672
"0x0A8F0",230,673
"0x0A8F1",230,674
"0x0A92B",220,290
"0x0A92C",220,291
"0x0A92D",220,292
"0x0A953",9,80
"0x0A9B3",7,43
"0x0A9C0",9,81
"0x0AAB0",230,675
"0x0AAB2",230,676
"0x0AAB3",230,677
"0x0AAB4",220,293
"0x0AAB7",230,678
"0x0AAB8",230,679
"0x0AABE",230,680
"0x0AABF",230,681
"0x0AAC1",230,682
"0x0AAF6",9,82
"0x0ABED",9,83
"0x0FB1E",26,116
"0x0FE20",230,683
"0x0FE21",230,684
"0x0FE22",230,685
"0x0FE23",230,686
"0x0FE24",230,687
"0x0FE25",230,688
"0x0FE26",230,689
"0x0FE27",220,294
"0x0FE28",220,295
"0x0FE29",220,296
"0x0FE2A",220,297
"0x0FE2B",220,298
"0x0FE2C",220,299
"0x0FE2D",220,300
"0x101FD",220,301
"0x102E0",220,302
"0x10376",230,690
"0x10377",230,691
"0x10378",230,692
"0x10379",230,693
"0x1037A",230,694
"0x10A0D",220,303
"0x10A0F",230,695
"0x10A38",230,696
"0x10A39",1,23
"0x10A3A",220,304
"0x10A3F",9,84
"0x10AE5",230,697
"0x10AE6",220,305
"0x11046",9,85
"0x1107F",9,86
"0x110B9",9,87
"0x110BA",7,44
"0x11100",230,698
"0x11101",230,699
"0x11102",230,700
"0x11133",9,88
"0x11134",9,89
"0x11173",7,45
"0x111C0",9,90
"0x11235",9,91
"0x11236",7,46
"0x112E9",7,47
"0x112EA",9,92
"0x1133C",7,48
"0x1134D",9,93
"0x11366",230,701
"0x11367",230,702
"0x11368",230,703
"0x11369",230,704
"0x1136A",230,705
"0x1136B",230,706
"0x1136C",230,707
"0x11370",230,708
"0x11371",230,709
"0x11372",230,710
"0x11373",230,711
"0x11374",230,712
"0x114C2",9,94
"0x114C3",7,49
"0x115BF",9,95
"0x115C0",7,50
"0x1163F",9,96
"0x116B6",9,97
"0x116B7",7,51
"0x16AF0",1,24
"0x16AF1",1,25
"0x16AF2",1,26
"0x16AF3",1,27
"0x16AF4",1,28
"0x16B30",230,713
"0x16B31",230,714
"0x16B32",230,715
"0x16B33",230,716
"0x16B34",230,717
"0x16B35",230,718
"0x16B36",230,719
"0x1BC9E",1,29
"0x1D165",216,163
"0x1D166",216,164
"0x1D167",1,30
"0x1D168",1,31
"0x1D169",1,32
"0x1D16D",226,329
"0x1D16E",216,165
"0x1D16F",216,166
"0x1D170",216,167
"0x1D171",216,168
"0x1D172",216,169
"0x1D17B",220,306
"0x1D17C",220,307
"0x1D17D",220,308
"0x1D17E",220,309
"0x1D17F",220,310
"0x1D180",220,311
"0x1D181",220,312
"0x1D182",220,313
"0x1D185",230,720
"0x1D186",230,721
"0x1D187",230,722
"0x1D188",230,723
"0x1D189",230,724
"0x1D18A",220,314
"0x1D18B",220,315
"0x1D1AA",230,725
"0x1D1AB",230,726
"0x1D1AC",230,727
"0x1D1AD",230,728
"0x1D242",230,729
"0x1D243",230,730
"0x1D244",230,731
"0x1E8D0",220,316
"0x1E8D1",220,317
"0x1E8D2",220,318
"0x1E8D3",220,319
"0x1E8D4",220,320
"0x1E8D5",220,321
"0x1E8D6",220,322
