old_stamp_id,new_stamp_id
1a,1a
1b,1b
1c,1c
1d,1d
1e,1e
1f,1f
1g,1g
1h,1h
1i,1i
2a,2a
2b,2b
2c,2c
2d,2d
2e,2e
2f,2f
2g,2g
2h,2h
2i,2i
2j,2j
2k,2k
2l,2l
3a,3a
4a,4a
4b,4b
4c,4c
4d,4d
4e,4e
4f,4f
4g,4g
4h,4h
4i,4i
5a,5a
5b,5b
5c,5c
5d,5d
5e,5e
5f,5f
5g,5g
5h,5h
5i,5i
5j,5j
5k,5k
6c,6c
6d,6d
6e,6e
6f,6f
6g,6g
6h,6h
6i,6i
6k,6k
6l,6l
6m,6m
6o,6o
6p,6p
6q,6q
7a,7a
7b,7b
7c,7c
7d,7d
8a,8a
8b,8b
8c,8c
8d,8d
8e,8e
8f,8f
8g,8g
9a,9a
9b,9b
9c,9c
9d,9d
9e,9e
9f,9f
9g,9g
9h,9h
9i,9i
9j,9j
9k,9k
9l,9l
9m,9m
9n,9n
9o,9o
10a,10a
10b,10b
10c,10c
10d,10d
10e,10e
11a,11a
11b,11b
11c,11c
11d,11d
11e,11e
11f,11f
11g,11g
11h,11h
11i,11i
11j,11j
11k,11k
11l,11l
12a,12a
12b,12b
12c,12c
12d,12d
12e,12e
12f,12f
12g,12g
13a,13a
13b,13b
13c,13c
13d,13d
14a,14a
14b,14b
15a,15a
16a,16a
16b,16b
16c,16c
16d,16d
16e,16e
17a,17a
17b,17b
18a,18a
18b,18b
18c,18c
18d,18d
18e,18e
18f,18f
18g,18g
18h,18h
18i,18i
18j,18j
18k,18k
18l,18l
19a,19a
19b,19b
19c,19c
19d,19d
19e,19e
19f,19f
19g,19g
20a,20a
20b,20b
20c,20c
20d,20d
20e,20e
21a,21a
21b,21b
21c,21c
22a,22a
23a,23a
23b,23b
23c,23c
23d,23d
23e,23e
23f,23f
23g,23g
23h,23h
23i,23i
23j,23j
23k,23k
23l,23l
23m,23m
24a,24a
24b,24b
24c,24c
24d,24d
24e,24e
24f,24f
24g,24g
25a,25a
25b,25b
25c,25c
26a,26a
26b,26b
26c,26c
26d,26d
26e,26e
26f,26f
27a,27a
27b,27b
27c,27c
27d,27d
27e,27e
27f,27f
27g,27g
27h,27h
27i,27i
27j,27j
27k,27k
27l,27l
27m,27m
27n,27n
27o,27o
27p,27p
28a,28a
28b,28b
28c,28c
28d,28d
28e,28e
28f,28f
28g,28g
29a,29a
29b,29b
29c,29c
29d,29d
29e,29e
29f,29f
30a,30a
30b,30b
30c,30c
30d,30d
30e,30e
30f,30f
31a,31a
32a,32a
33a,33a
33b,33b
34a,34a
34b,34b
34c,34c
34d,34d
34e,34e
34f,34f
34g,34g
34h,34h
34i,34i
35a,35a
35b,35b
36a,36a
36b,36b
36c,36c
36d,36d
36e,36e
37a,37a
37b,37b
37c,37c
37d,37d
37e,37e
37f,37f
38a,38a
38b,38b
38c,38c
39a,39a
39b,39b
40a,40a
40b,40b
41a,41a
41b,41b
41c,41c
41d,41d
42a,42a
42b,42b
42c,42c
42d,42d
42e,42e
43a,43a
43b,43b
44a,44a
44a1,44a1
44a2,44a2
44a3,44a3
44b,44b
44c,44c
44d,44d
44e,44e
44f,44f
44g,44g
44h,44h
44i,44i
44j,44j
44k,44k
44l,44l
44m,44m
44n,44n
44o,44o
44p,44p
44q,44q
44r,44r
44s,44s
45a,45a
45b,45b
46a,46a
46a1,46a1
47a,47a
47b,47b
48a,48a
48b,48b
49a,49a
49b,49b
50a,50a
50b,50b
50c,50c
50d,50d
50e,50e
50f,50f
50g,50g
50h,50h
50i,50i
50j,50j
50k,50k
50l,50l
50m,50m
50n,50n
50o,50o
50p,50p
51a,51a
51b,51b
51c,51c
51d,51d
51e,51e
52a,52a
52b,52b
52c,52c
52d,52d
52e,52e
53a,53a
53b,53b
54a,54a
54b,54b
54c,54c
54d,54d
54e,54e
54f,54f
54g,54g
54h,54h
54i,54i
54j,54j
54k,54k
54l,54l
54m,54m
54n,54n
55a,55a
55b,55b
55c,55c
55d,55d
56a,56a
56b,56b
57a,57a
57b,57b
57c,57c
57d,57d
57e,57e
57f,57f
57g,57g
58a,58a
58b,58b
58c,58c
58d,58d
58e,58e
59a,59a
59b,59b
60a,60a
60b,60b
61a,61a
61b,61b
61c,61c
61d,61d
61e,61e
61f,61f
61g,61g
61h,61h
61i,61i
61j,61j
61k,61k
61l,61l
61m,61m
61n,61n
61o,61o
61p,61p
61q,61q
61r,61r
62a,62a
62b,62b
62c,62c
62d,62d
62e,62e
62f,62f
62g,62g
62h,62h
62i,62i
62j,62j
62k,62k
62l,62l
62m,62m
62n,62n
62o,62o
63a,63a
63b,63b
63c,63c
63d,63d
64a,64a
64b,64b
64c,64c
64d,64d
64e,64e
64f,64f
65a,65a
65b,65b
66a,66a
66b,66b
66c,66c
66d,66d
66e,66e
67a,67a
67b,67b
67c,67c
67d,67d
68a,68a
68b,68b
68c,68c
68d,68d
68e,68e
68f,68f
68g,68g
68h,68h
68i,68i
68j,68j
68k,68k
68l,68l
68m,68m
68n,68n
68o,68o
68p,68p
69a,69a
69b,69b
69c,69c
69d,69d
69e,69e
69f,69f
69g,69g
69h,69h
69i,69i
69j,69j
69k,69k
69l,69l
69m,69m
70a,70a
70b,70b
70c,70c
71a,71a
71b,71b
71c,71c
71d,71d
72a,72a
72b,72b
72c,72c
72d,72d
73a,73a
73b,73b
73c,73c
73d,73d
74a,74a
74b,74b
74c,74c
74d,74d
75a,75a
75b,75b
76a,76a
76b,76b
76c,76c
76d,76d
77a,77a
77b,77b
77c,77c
77d,77d
78a,78a
78b,78b
78b1,78b1
78c,78c
78d,78d
78d1,78d1
78e,78e
78f,78f
78g,78g
78h,78h
78h1,78h1
78i,78i
78i1,78i1
78j,78j
78k,78k
78l,78l
78m,78m
79a,79a
79b,79b
79c,79c
79d,79d
80a,80a
80b,80b
80c,80c
80d,80d
80e,80e
80f,80f
80g,80g
80h,80h
80i,80i
80j,80j
80k,80k
81a,81a
81b,81b
81c,81c
81d,81d
82a,82a
82b,82b
82c,82c
82d,82d
82e,82e
82f,82f
83a,83a
83b,83b
83b1,83b1
83c,83c
83d,83d
84a,84a
84b,84b
84c,84c
84d,84d
85a,89a
85b,85a
85c,89b
85d,89c
85e,85b
85f,89d
85g,89e
86a,86a
86b,86b
86c,86c
86d,86d
86e,86e
86f,86f
86g,86g
87a,87a
87b,87b
87c,87c
87d,87d
88a,88a
88b,88b
88c,88c
88d,88d
89a,90a
89b,90b
89c,90c
89d,90d
89e,90e
89f,90f
89g,90g
90a,91a
90b,91b
90c,91c
90d,91d
91a,92a
91b,92b
91c,92c
91d,92d
92a,93a
92b,93b
92c,93c
92d,93d
92e,93e
92f,93f
92g,93g
92h,93h
92i,93i
92j,93j
92k,93k
92l,93l
92m,93m
92n,93n
92o,93o
92p,93p
92q,93q
92r,93r
92r1,93r1
92r2,93r2
92r3,93r3
92r4,93r4
92s,93s
92t,93t
92u,93u
93a,94a
93b,94b
93c,94c
93d,94d
93e,94e
93f,94f
93g,94g
93h,94h
93i,94i
93j,94j
93k,94k
93l,94l
93m,94m
93n,94n
93o,94o
93p,94p
94a,95a
94b,95b
94c,95c
94d,95d
95a,96a
95b,96b
95c,96c
95d,96d
95e,96e
96a,97a
96b,97b
96c,97c
96d,97d
96e,97e
97a,98a
97b,98b
97c,98c
97d,98d
97e,98e
97f,98f
97g,98g
97h,98h
98a,99a
98b,99b
98c,99c
98d,99d
98e,99e
99a,100a
99a1,100a1
99b,100b
99c,100c
99d,100d
99e,100e
100a,101a
100b,101b
100c,101c
100c1,101c1
100d,101d
100e,101e
100f,101f
101a,102a
101b,102b
101c,102c
101d,102d
102a,103a
102b,103b
103a,104a
103b,104b
103c,104c
103d,104d
103d1,104d1
103e,104e
103e1,104e1
103f,104f
104a,105a
104b,105b
104c,105c
104d,105d
104e,105e
104f,105f
105a,106a
105a1,106a1
105b,106b
105c,106c
106a,107a
106b,107b
107a,108a
107b,108b
108a,109a
108b,109b
108c,109c
108d,109d
108e,109e
109a,110a
109b,110b
110a,112a
110b,112b
111a,111a
111b,111b
111c,111c
111d,111d
111e,111e
112a,113a
112b,113b
112c,113c
112d,113d
112e,113e
112f,113f
113a,114a
113b,114b
113c,114c
113d,114d
113e,114e
114a,115a
114b,115b
114b1,115b1
114b2,115b2
114c,115c
114d,115d
114e,115e
114e1,115e1
114e2,115e2
114f,115f
114f1,115f1
114g,115g
114h,115h
114h1,115h1
114h2,115h2
114i,115i
114j,115j
114k,115k
114l,115l
114m,115m
114n,115n
114o,115o
114p,115p
114q,115q
114q1,115q1
114r,115r
114s,115s
114t,115t
114u,115u
114u1,115u1
114v,115v
114v1,115v1
114w,115w
114x,115x
114y,115y
114z,115z
114za,115za
114zb,115zb
114zc,115zc
114zd,115zd
114ze,115ze
115a,116a
115b,116b
115c,116c
115d,116d
115e,116e
115f,116f
116a,117a
116b,117b
117a,118a
117b,118b
117c,118c
117d,118d
117e,118e
117f,118f
118a,119a
118b,119b
119a,120a
119b,120b
119c,120c
119d,120d
120a,121a
120b,121b
120c,121c
120d,121d
120e,121e
120f,121f
121a,122a
121b,122b
122a,123a
122b,123b
122c,123c
122d,123d
122e,123e
122f,123f
123a,124a
123b,124b
124a,125a
124b,125b
124c,125c
124d,125d
125a,126a
125b,126b
126a,127a
126a1,127a1
126b,127b
127a,128a
127a1,128a1
127b,128b
127c,128c
127d,128d
127e,128e
127f,128f
128a,129a
128b,129b
129a,130a
129b,130b
130a,131a
130b,131b
130c,131c
130d,131d
131a,132a
131b,132b
132a,133a
132b,133b
133a,134a
133b,134b
134a,135a
134b,135b
135a,136a
135b,136b
135c,136c
135d,136d
135e,136e
135f,136f
136a,137a
136b,137b
137a,138a
137b,138b
137c,138c
137d,138d
137e,138e
138a,139a
138b,139b
139a,140a
139b,140b
139c,140c
139d,140d
139e,140e
139f,140f
140a,141a
140b,141b
141a,142a
141b,142b
141c,142c
141d,142d
142a,147a
142b,147b
142c,147c
142d,147d
142e,147e
142f,147f
143a,149a
143b,149b
143c,149c
143d,149d
144a,148a
144b,148b
145a,143a
145b,143b
145c,143c
145d,143d
145e,143e
145f,143f
145g,143g
145h,143h
145i,143i
145k,143k
145l,143l
145m,143m
145n,143n
145o,143o
145p,143p
145q,143q
145r,143r
145s,143s
145t,143t
145u,143u
146a,144a
146b,144b
146c,144c
146d,144d
146e,144e
147a,145a
147b,145b
147c,145c
147d,145d
147e,145e
147f,145f
147g,145g
147h,145h
148a,146a
148b,146b
148c,146c
148d,146d
148e,146e
148f,146f
149a,150a
149b,150b
149c,150c
149d,150d
149e,150e
149f,150f
149g,150g
149h,150h
149i,150i
149j,150j
149k,150k
149l,150l
149m,150m
149n,150n
149o,150o
149p,150p
149q,150q
149r,150r
150a,151a
150b,151b
151a,152a
151b,152b
151c,152c
151d,152d
151e,152e
152a,153a
152b,153b
152c,153c
152d,153d
152e,153e
152f,153f
153a,154a
153b,154b
153c,154c
153d,154d
154a,155a
154b,155b
155a,156a
155b,156b
156a,158a
156b,158b
156c,158c
156d,158d
156e,158e
157a,159a
157b,159b
157c,159c
157d,159d
158a,160a
158b,160b
158c,160c
158d,160d
158e,160e
158f,160f
158g,160g
159a,161a
159b,161b
159c,161c
159d,161d
160a,163a
160b,163b
160c,163c
160d,163d
160e,163e
160f,163f
160g,163g
160h,163h
160i,163i
160j,163j
161a,164a
161b,164b
161c,164c
161d,164d
162a,162a
162b,162b
163a,157a
163b,157b
163c,157c
163d,157d
163e,157e
163f,157f
163g,157g
163h,157h
163i,157i
163j,157j
163k,157k
163l,157l
164a,165a
164b,165b
165a,167a
165b,167b
165c,167c
165d,167d
165e,167e
166a,168a
166b,168b
166c,168c
166d,168d
167a,169a
167b,169b
167c,169c
167d,169d
167e,169e
167f,169f
168a,170a
168b,170b
168c,170c
168d,170d
168e,170e
169a,171a
169b,171b
169c,171c
169d,171d
170a,166a
170b,166b
170c,166c
170d,166d
170e,166e
170f,166f
170g,166g
170h,166h
170i,166i
170i1,166i1
170j,166j
170k,166k
170l,166l
170m,166m
170n,166n
170o,166o
170p,166p
170q,166q
170r,166r
170s,166s
170t,166t
170u,166u
170v,166v
170w,166w
170x,166x
170y,166y
170z,166z
170za,166za
170zb,166zb
170zc,166zc
171a,172a
171b,172b
171c,172c
171d,172d
172a,173a
172b,173b
172c,173c
172d,173d
173a,174a
173b,174b
173c,174c
173d,174d
173e,174e
174a,175a
174b,175b
174c,175c
174d,175d
175a,176a
175b,176b
175c,176c
175d,176d
176a,177a
176b,177b
176c,177c
176d,177d
177a,178a
177b,178b
177c,178c
177d,178d
177e,178e
177f,178f
177g,178g
178a,179a
178b,179b
178c,179c
178d,179d
178e,179e
179a,180a
179b,180b
179c,180c
179d,180d
179e,180e
180a,181a
180b,181b
180c,181c
180d,181d
181a,183a
181b,183b
181c,183c
181d,183d
181e,183e
181f,183f
181g,183g
181h,183h
182a,184a
182b,184b
182c,184c
182d,184d
182e,184e
182f,184f
182g,184g
183a,185a
183b,185b
183c,185c
183d,185d
183e,185e
183f,185f
184a,186a
184b,186b
184c,186c
184d,186d
184e,186e
184f,186f
185a,187a
185b,187b
185c,187c
185d,187d
185e,187e
186a,188a
186b,188b
186c,188c
186d,188d
186d1,188d1
186e,188e
186f,188f
187a,182a
187a1,182a1
187b,182b
187b1,182b1
187c,182c
187c1,182c1
187d,182d
187d1,182d1
187e,182e
187e1,182e1
187f,182f
187f1,182f1
187g,182g
187h,182h
188a,189a
188b,189b
188c,189c
188d,189d
188e,189e
188f,189f
188g,189g
188h,189h
189a,190a
189b,190b
189c,190c
189d,190d
189e,190e
189f,190f
190a,191a
190b,191b
190c,191c
190d,191d
190e,191e
190f,191f
191a,192a
191b,192b
191c,192c
191d,192d
191e,192e
191f,192f
192a,193a
192b,193b
192c,193c
192d,193d
192e,193e
193a,194a
193b,194b
193c,194c
193d,194d
193e,194e
193f,194f
194a,195a
194b,195b
194c,195c
194d,195d
194e,195e
194f,195f
194g,195g
195a,196a
195b,196b
195c,196c
195d,196d
195e,196e
195f,196f
195g,196g
195h,196h
196a,197a
196b,197b
196c,197c
196d,197d
196e,197e
197a,198a
197b,198b
197c,198c
197d,198d
197e,198e
197f,198f
198a,199a
198b,199b
198c,199c
198d,199d
198e,199e
198f,199f
199a,200a
199b,200b
199c,200c
199d,200d
199e,200e
200a,201a
200b,201b
200c,201c
200d,201d
200e,201e
200f,201f
201a,202a
201b,202b
201c,202c
201d,202d
201e,202e
201f,202f
202a,203a
202b,203b
202c,203c
202d,203d
202e,203e
202f,203f
202g,203g
202h,203h
203a,204a
203b,204b
203c,204c
203d,204d
203e,204e
203f,204f
204a,205a
204b,205b
204c,205c
204d,205d
204e,205e
204f,205f
205a,206a
205b,206b
205c,206c
205d,206d
205e,206e
206a,207a
206b,207b
206c,207c
206c1,207c1
206d,207d
206e,207e
206f,207f
206f1,207f1
206g,207g
206g1,207g1
206h,207h
206h1,207h1
206i,207i
206j,207j
206j1,207j1
206k,207k
206l,207l
206m,207m
206n,207n
206o,207o
206p,207p
206q,207q
206r,207r
206s,207s
206t,207t
206u,207u
206v,207v
206w,207w
206x,207x
206y,207y
206z,207z
207a,208a
207b,208b
207c,208c
207d,208d
207e,208e
207f,208f
207g,208g
208a,209a
208b,209b
208c,209c
208d,209d
208e,209e
208f,209f
208g,209g
208h,209h
209a,210a
209b,210b
209c,210c
209d,210d
209e,210e
209f,210f
210a,211a
210b,211b
210c,211c
210d,211d
210e,211e
210f,211f
211a,212a
211b,212b
211c,212c
211d,212d
211e,212e
212a,213a
212b,213b
212c,213c
212d,213d
212e,213e
212f,213f
212g,213g
212h,213h
212i,213i
213a,214a
213b,214b
213c,214c
213d,214d
213e,214e
213f,214f
213g,214g
213h,214h
214a,215a
214b,215b
214c,215c
214d,215d
214e,215e
214f,215f
214g,215g
214h,215h
215a,216a
215b,216b
215c,216c
215d,216d
215e,216e
216a,217a
216b,217b
216c,217c
216d,217d
216e,217e
216f,217f
217a,218a
217a1,218a1
217b,218b
217b1,218b1
217c,218c
217c1,218c1
217d,218d
217e,218e
217f,218f
218a,219a
218b,219b
218c,219c
218d,219d
218e,219e
219a,220a
219b,220b
219c,220c
219d,220d
219e,220e
219f,220f
220a,221a
220b,221b
220c,221c
220d,221d
220e,221e
220f,221f
220g,221g
221a,222a
221b,222b
221c,222c
221d,222d
221e,222e
221f,222f
221g,222g
221h,222h
222a,223a
222b,223b
222c,223c
222d,223d
222e,223e
222f,223f
222g,223g
223a,224a
223b,224b
223c,224c
223d,224d
223e,224e
223f,224f
223g,224g
224a,225a
224b,225b
224c,225c
224d,225d
224e,225e
225a,226a
225b,226b
225c,226c
225d,226d
225e,226e
226a,227a
226b,227b
226c,227c
226d,227d
226e,227e
226f,227f
227a,228a
227b,228b
227c,228c
227d,228d
227e,228e
227f,228f
228a,229a
228b,229b
228c,229c
228d,229d
228e,229e
228f,229f
229a,230a
229b,230b
230a,231a
230b,231b
230c,231c
230d,231d
230e,231e
230f,231f
230g,231g
231a,232a
231b,232b
231c,232c
231d,232d
231e,232e
231f,232f
231g,232g
231h,232h
231i,232i
232a,233a
232b,233b
232c,233c
232d,233d
232e,233e
233a,234a
233b,234b
233c,234c
233d,234d
233e,234e
234a,235a
234b,235b
234c,235c
234d,235d
234e,235e
234f,235f
234g,235g
234h,235h
234i,235i
234j,235j
234k,235k
235a,236a
235b,236b
235c,236c
235d,236d
235e,236e
235f,236f
236a,237a
236b,237b
236c,237c
236d,237d
236e,237e
236f,237f
237a,238a
237b,238b
237c,238c
237d,238d
237e,238e
237f,238f
237g,238g
237h,238h
238a,239a
238b,239b
238c,239c
238d,239d
238e,239e
239a,240a
239b,240b
239c,240c
239d,240d
239e,240e
239f,240f
239g,240g
240a,241a
240b,241b
240c,241c
240d,241d
241a,242a
241b,242b
241c,242c
241d,242d
241e,242e
241f,242f
242a,243a
242b,243b
242c,243c
242d,243d
242e,243e
242f,243f
243a,245a
243b,245b
243c,245c
243d,245d
243e,245e
243f,245f
244a,246a
244b,246b
244c,246c
244d,246d
244e,246e
244f,246f
244g,246g
244h,246h
244i,246i
245a,247a
245b,247b
245c,247c
245d,247d
245e,247e
246a,248a
246b,248b
247a,244a
247b,244b
247c,244c
247d,244d
247e,244e
247f,244f
247g,244g
247h,244h
248a,250a
248b,250b
248c,250c
248d,250d
248e,250e
248f,250f
248g,250g
248h,250h
248i,250i
249a,252a
249b,252b
249c,252c
249d,252d
249e,252e
249f,252f
249g,252g
250a,253a
250b,253b
250c,253c
250d,253d
250e,253e
250f,253f
250g,253g
251a,254a
251b,254b
251c,254c
251d,254d
251e,254e
251f,254f
251g,254g
251h,254h
251i,254i
251j,254j
252a,255a
252b,255b
252c,255c
252d,255d
252e,255e
252f,255f
253a,251a
253a1,251a1
253b,251b
253b1,251b1
253c,251c
253d,251d
253e,251e
253f,251f
253g,251g
253h,251h
253i,251i
253i1,251i1
253j,251j
253k,251k
253l,251l
253m,251m
253n,251n
253o,251o
253p,251p
253q,251q
254a,249a
254b,249b
254c,249c
254d,249d
254e,249e
254f,249f
254g,249g
254h,249h
255a,256a
255b,256b
255c,256c
255d,256d
255e,256e
255f,256f
255g,256g
255h,256h
256a,257a
256b,257b
256c,257c
256d,257d
256e,257e
256f,257f
256g,257g
257a,258a
257b,258b
257c,258c
257d,258d
257e,258e
257f,258f
257g,258g
258a,259a
258b,259b
258c,259c
258d,259d
258e,259e
258f,259f
258g,259g
259a,260a
259b,260b
259c,260c
259d,260d
259e,260e
259f,260f
259g,260g
259h,260h
259i,260i
259j,260j
260a,261a
260b,261b
260c,261c
260d,261d
260e,261e
260f,261f
261a,262a
261b,262b
261c,262c
261d,262d
261e,262e
261f,262f
261g,262g
261h,262h
261i,262i
261j,262j
261k,262k
261l,262l
262a,263a
262b,263b
262c,263c
262d,263d
262e,263e
262f,263f
262g,263g
263a,264a
263b,264b
263c,264c
263d,264d
263e,264e
263f,264f
263g,264g
264a,265a
264b,265b
264c,265c
264d,265d
264e,265e
264f,265f
264g,265g
264h,265h
264i,265i
265a,266a
265b,266b
265c,266c
265d,266d
265e,266e
265f,266f
265g,266g
265h,266h
265i,266i
265j,266j
266a,268a
266b,268b
266c,268c
266d,268d
266e,268e
266f,268f
267a,269a
267b,269b
267c,269c
267d,269d
267e,269e
267f,269f
267g,269g
267h,269h
267i,269i
267j,269j
268a,270a
268b,270b
268c,270c
268d,270d
268e,270e
268f,270f
269a,271a
269b,271b
269c,271c
269d,271d
269e,271e
269f,271f
269g,271g
269h,271h
269i,271i
270a,272a
270b,272b
270c,272c
270d,272d
270e,272e
270e1,272e1
270f,272f
270f1,272f1
270g,272g
270g1,272g1
270h,272h
270h1,272h1
270i,272i
270i1,272i1
270j,272j
270j1,272j1
270k,272k
270l,272l
270m,272m
270n,272n
270o,272o
270p,272p
270q,272q
270r,272r
270s,272s
270t,272t
270u,272u
270v,272v
270w,272w
271a,273a
271b,273b
271c,273c
271d,273d
271e,273e
271f,273f
271g,273g
272a,274a
272b,274b
272c,274c
272d,274d
272e,274e
273a,275a
273b,275b
273c,275c
273d,275d
273e,275e
273f,275f
273g,275g
273h,275h
273i,275i
273j,275j
274a,276a
274b,276b
274c,276c
274d,276d
274e,276e
274f,276f
275a,277a
275b,277b
275c,277c
275d,277d
275e,277e
275f,277f
275g,277g
275h,277h
275i,277i
275j,277j
276a,278a
276b,278b
276c,278c
276d,278d
276e,278e
276f,278f
276g,278g
276h,278h
276i,278i
277a,280a
277b,280b
277c,280c
277d,280d
277e,280e
277f,280f
277g,280g
278a,281a
278b,281b
278c,281c
278d,281d
278e,281e
278f,281f
279a,282a
279b,282b
279c,282c
279d,282d
279e,282e
279f,282f
279g,284a
279h,282h
279i,282i
279j,282j
279k,282k
280a,283a
280b,283b
280c,283c
280d,283d
280e,283e
280f,283f
280g,284b
280h,283h
280i,283i
280j,283j
280k,283k
281a,285a
281b,285b
281c,285c
281d,285d
281e,285e
281f,285f
282a,286a
282b,286b
282c,286c
282d,286d
282e,286e
282f,286f
282g,286g
283a,287a
283b,287b
283c,287c
283d,287d
283e,287e
283f,287f
283g,287g
283h,287h
283i,287i
284a,288a
284b,288b
284c,288c
284d,288d
284e,288e
284f,288f
284g,288g
285a,289a
285b,289b
285c,289c
285d,289d
285e,289e
285f,289f
286a,290a
286b,290b
286c,290c
286d,290d
286e,290e
286f,290f
286g,292a
286h,290h
286i,290i
286j,290j
286k,290k
286l,292c
287a,291a
287b,291b
287c,291c
287d,291d
287e,291e
287f,291f
287g,292b
287h,291h
287i,291i
287j,291j
287k,291k
287l,292d
288a,293a
288b,293b
288c,293c
288d,293d
288e,293e
288f,293f
288g,293g
288h,293h
288i,293i
288j,293j
289a,294a
289b,294b
289c,294c
289d,294d
289e,294e
289f,294f
290a,295a
290b,295b
290c,295c
290d,295d
290e,295e
290f,295f
290g,295g
291a,296a
291b,296b
291c,296c
291d,296d
291e,296e
291f,296f
291g,296g
292a,297a
292b,297b
292c,297c
292d,297d
292e,297e
292e1,297e1
292f,304a
292g,297g
292h,297h
292i,297i
292j,297j
292k,304b
293a,298a
293b,298b
293c,298c
293d,298d
293e,298e
293f,298f
293g,298g
294a,299a
294b,299b
294c,299c
294d,299d
294e,299e
294f,299f
294g,299g
294h,299h
294i,299i
294j,299j
295a,300a
295b,300b
295b1,300b1
295c,300c
295d,300d
295d1,300d1
295e,300e
295f,300f
295g,300g
295g1,300g1
295h,300h
295i,300i
295j,300j
295k,300k
295l,300l
295m,300m
295n,300n
295o,300o
295p,300p
295q,300q
295r,300r
296a,301a
296b,301b
296c,301c
296d,301d
296e,301e
296f,301f
296g,301g
296h,301h
296i,301i
296j,301j
297a,302a
297b,302b
297c,302c
297d,302d
298a,303a
298b,303b
298c,303c
298d,303d
298e,303e
298f,303f
298g,303g
298h,303h
298i,303i
298j,303j
299a,306a
299b,306b
299c,306c
299d,306d
299e,306e
299f,306f
299g,306g
299h,306h
300a,307a
300b,307b
300c,307c
300d,307d
300e,307e
300f,307f
300g,307g
300h,307h
300i,307i
301a,308a
301b,308b
301c,308c
301d,308d
302a,309a
302b,309b
302c,309c
302d,309d
302e,309e
302f,309f
302g,309g
302h,309h
302i,309i
303a,310a
303b,310b
303c,310c
303d,310d
303e,310e
303f,310f
303g,310g
304a,311a
304b,311b
304c,311c
304d,311d
304e,311e
304f,311f
304g,311g
305a,312a
305b,312b
305c,312c
305d,312d
305e,312e
305f,312f
305g,312g
305h,312h
305i,312i
306a,313a
306b,313b
306c,313c
306d,313d
306e,313e
306f,313f
306g,313g
306h,313h
306i,313i
306j,313j
307a,314a
307b,314b
308a,315a
308b,315b
308c,315c
308d,315d
308e,315e
308f,315f
308g,315g
308h,315h
309a,316a
309b,316b
309c,316c
309d,316d
309e,316e
309f,316f
309g,316g
309h,316h
310a,317a
310b,317b
310c,317c
310d,317d
310e,317e
310f,317f
310g,317g
310h,317h
311a,318a
311b,318b
311c,318c
311d,318d
311e,318e
311f,318f
311g,318g
311h,318h
311i,318i
311j,318j
312a,319a
312b,319b
312c,319c
312d,319d
312e,319e
313a,320a
313b,320b
314a,321a
314b,321b
314c,321c
314d,321d
314e,321e
315a,322a
315b,322b
315c,322c
315d,322d
316a,323a
316b,323b
316c,323c
316d,323d
316e,323e
316f,323f
316g,323g
316h,323h
317a,325a
317b,325b
318a,324a
318b,324b
318c,324c
318d,324d
318e,324e
318f,324f
318g,324g
318h,324h
318i,324i
318j,324j
319a,326a
319b,326b
319c,326c
319d,326d
319e,326e
319f,326f
319g,326g
319h,326h
320a,327a
320b,327b
320c,327c
320d,327d
320e,327e
320f,327f
320g,327g
320h,327h
321a,328a
321b,328b
321c,328c
321d,328d
321e,328e
321f,328f
322a,329a
322a1,329a1
322b,329b
322c,329c
322d,329d
322e,329e
322f,329f
322g,329g
322h,329h
323a,331a
323b,331b
323c,331c
323d,331d
323e,331e
323f,331f
323g,331g
323h,331h
323i,331i
324a,332a
324b,332b
324c,332c
324d,332d
324e,332e
324f,332f
325a,334a
325b,334b
325c,334c
325d,334d
325e,334e
325f,334f
325g,334g
325h,334h
326a,335a
326b,335b
326c,335c
326d,335d
326e,335e
326f,335f
326g,335g
326h,335h
327a,336a
327b,336b
327c,336c
327d,336d
328a,337a
328b,337b
328c,337c
328d,337d
328e,337e
329a,338a
329b,338b
330a,339a
330b,339b
330c,339c
330d,339d
330e,339e
330f,339f
331a,340a
331b,340b
331c,340c
331d,340d
331e,340e
331f,340f
331g,340g
331h,340h
331i,340i
331j,340j
331k,340k
331l,340l
331m,340m
331n,340n
331o,340o
331p,340p
332a,341a
332b,341b
332c,341c
332d,341d
332e,341e
332f,341f
332g,341g
332h,341h
332i,341i
332j,341j
332k,341k
332l,341l
332m,341m
332n,341n
332o,341o
332p,341p
333a,342a
333b,342b
333c,342c
333d,342d
333e,342e
333f,342f
333g,342g
333h,342h
334a,343a
334b,343b
334c,343c
334c1,343c1
334d,343d
334e,343e
334f,343f
334g,343g
334h,343h
335a,344a
335b,344b
335c,344c
335d,344d
335e,344e
335f,344f
336a,345a
336b,345b
336c,345c
336d,345d
336e,345e
336f,345f
336g,345g
336h,345h
337a,346a
337a1,346a1
337a2,346a2
337a3,346a3
337d,346d
337d1,346d1
337e,346e
337e1,346e1
337f,346f
337f1,346f1
337f2,346f2
337g,346g
337g1,346g1
337h,346h
337i,346i
337j,346j
337k,346k
338a,347a
338b,347b
338c,347c
338d,347d
338e,347e
338f,347f
338g,347g
338h,347h
338i,347i
338j,347j
339a,348a
339b,348b
339c,348c
339d,348d
340a,349a
340b,349b
340c,349c
340d,349d
340e,349e
340f,349f
341a,350a
341b,350b
341c,350c
341d,350d
341e,350e
341f,350f
342a,351a
342b,351b
343a,352a
343b,352b
343c,352c
343d,352d
343e,352e
343f,352f
343g,352g
343h,352h
344a,353a
344a1,353a1
344b,353b
344b1,353b1
344c,353c
344c1,353c1
344d,353d
344d1,353d1
344e,353e
344f,353f
344g,353g
344h,353h
345a,354a
345b,354b
345c,354c
345d,354d
346a,355a
346b,355b
346c,355c
346d,355d
346e,355e
346f,355f
346g,355g
346h,355h
347a,356a
347b,356b
347c,356c
347d,356d
347e,356e
347f,356f
347g,356g
347h,356h
348a,357a
348b,357b
348c,357c
348d,357d
348e,357e
348f,357f
349a,359a
349b,359b
349c,359c
349d,359d
349e,359e
349f,359f
349g,359g
349h,359h
349i,359i
349j,359j
349k,359k
349l,359l
349m,359m
350a,360a
350b,360b
350c,360c
350d,360d
350e,360e
350f,360f
350g,360g
350h,360h
350i,360i
350j,360j
351a,361a
351b,361b
351c,361c
351d,361d
351e,361e
351f,361f
351g,361g
351h,361h
352a,362a
352b,362b
352c,362c
352d,362d
352e,362e
352f,362f
352g,362g
352h,362h
352i,362i
352j,362j
353a,363a
353b,363b
353c,363c
353d,363d
353e,363e
353f,363f
353g,363g
353h,363h
354a,364a
354b,364b
354c,364c
354d,364d
354e,364e
354f,364f
355a,365a
355a1,365a1
355b,365b
355c,365c
356a,366a
356b,366b
356c,366c
356d,366d
356e,366e
356f,366f
356g,366g
356h,366h
357a,367a
357b,367b
357c,367c
357d,367d
357e,367e
357f,367f
357g,367g
357h,367h
357i,367i
358a,368a
358b,368b
359a,369a
359b,369b
359c,369c
359d,369d
359e,369e
359f,369f
359g,369g
360a,370a
360b,370b
360c,370c
360d,370d
361a,371a
361b,371b
361c,371c
361d,371d
361e,371e
361f,371f
361g,371g
361h,371h
361i,371i
361j,371j
361k,371k
361l,371l
361m,371m
362a,372a
362a1,372a1
362b,372b
362b1,372b1
362c,372c
362c1,372c1
362d,372d
362d1,372d1
362e,372e
362f,372f
362g,372g
362h,372h
362h1,372h1
362i,372i
362j,372j
363a,373a
363b,373b
363c,373c
363d,373d
363e,373e
363f,373f
363g,373g
363h,373h
363i,373i
363j,373j
363k,373k
364a,374a
364b,374b
364c,374c
364d,374d
365a,375a
365b,375b
365c,375c
365d,375d
365e,375e
365f,375f
365g,375g
365h,375h
366a,376a
366b,376b
366c,376c
366d,376d
366e,376e
366f,376f
366g,376g
366h,376h
366i,376i
367a,377a
367b,377b
368a,378a
368a1,378a1
368b,378b
369a,379a
369b,379b
369c,379c
369d,379d
370a,380a
370b,380b
370c,380c
370d,380d
370e,380e
370f,380f
370g,380g
370h,380h
371a,381a
371b,381b
371c,381c
371d,381d
371e,381e
371f,381f
371g,381g
372a,382a
372b,382b
372c,382c
372d,382d
372e,382e
372f,382f
372g,382g
372h,382h
372i,382i
372j,382j
372k,382k
372l,382l
372m,382m
373a,383a
373b,383b
373c,383c
373d,383d
373e,383e
373f,383f
373g,383g
373h,383h
374a,384a
374b,384b
374c,384c
375a,385a
375b,385b
375c,385c
375d,385d
375e,385e
375f,385f
375g,385g
375h,385h
376a,387a
376b,387b
376c,387c
376d,387d
376e,387e
376f,387f
376g,387g
376h,387h
376i,387i
376j,387j
376k,387k
376l,387l
376m,387m
377a,388a
377b,388b
377c,388c
377d,388d
378a,389a
378b,389b
378c,389c
378d,389d
378e,389e
378f,389f
378g,389g
378h,389h
378i,389i
378j,389j
378k,389k
378l,389l
379a,390a
379b,390b
379c,390c
379d,390d
379e,390e
379f,390f
380a,391a
380b,391b
380c,391c
380d,391d
380e,391e
380f,391f
380g,391g
380h,391h
380i,391i
380j,391j
380k,391k
380l,391l
380m,391m
381a,392a
381b,392b
381c,392c
381d,392d
381e,392e
381f,392f
381g,392g
381h,392h
381i,392i
381j,392j
381k,392k
381l,392l
381m,392m
381n,392n
382a,386a
382a1,386a1
382b,386b
382b1,386b1
382c,386c
382d,386d
382e,386e
383a,393a
383b,393b
384a,394a
384b,394b
384c,394c
384d,394d
384e,394e
384f,394f
384g,394g
384h,394h
385a,395a
385b,395b
385c,395c
385d,395d
385e,395e
385f,395f
386a,396a
386b,396b
386c,396c
386d,396d
386e,396e
386f,396f
386g,396g
386h,396h
386i,396i
386j,396j
386k,396k
386m,396m
386n,396n
387a,397a
387b,397b
387c,397c
387d,397d
388a,398a
388b,398b
388c,398c
388d,398d
388e,398e
388f,398f
388g,398g
388h,398h
389a,399a
389b,399b
389c,399c
389d,399d
390a,400a
390a1,400a1
390b,400b
390b1,400b1
390c,400c
390d,400d
390e,401a
390f,400f
390g,400g
390h,401b
391a,402a
391b,402b
391c,402c
391d,402d
391e,402e
391f,402f
391g,402g
391h,402h
391i,402i
391j,402j
391k,402k
392a,403a
392b,403c
393a,404a
393b,404b
394a,405a
394b,405b
394c,405c
394d,405d
394e,405e
394f,405f
394g,405g
394h,405h
394i,405i
394j,405j
394k,405k
394l,405l
394m,405m
395a,407a
395b,407b
395c,407c
395d,407d
395e,407e
395f,407f
395g,407g
395h,407h
395i,407i
395j,407j
395k,407k
395l,407l
395m,407m
396a,403b
396b,403d
397a,406a
397b,406b
397c,406c
397d,406d
397e,406e
397f,406f
397g,406g
397h,406h
397i,406i
397j,406j
397k,406k
397l,406l
397m,406m
398a,409a
398b,409b
399a,410a
399a1,410a1
399b,410b
399b1,410b1
399c,410c
399c1,410c1
399d,410d
399d1,410d1
399e,410e
399e1,410e1
399f,410f
399f1,410f1
399g,410g
399h,410h
400a,411a
400b,411b
400c,411c
400d,411d
401a,412a
401b,412b
401c,412c
401d,412d
401e,412e
401f,412f
401g,412g
401h,412h
402a,413a
402b,413b
402c,413c
402d,413d
402e,413e
402f,413f
402g,413g
402h,413h
402i,413i
403a,414a
403b,414b
403c,414c
403d,414d
403e,414e
403f,414f
403g,414g
403h,414h
404a,415a
404b,415b
404c,415c
404d,415d
404e,415e
404f,415f
404g,415g
404h,415h
404i,415i
404j,415j
404k,415k
404l,415l
404m,415m
405a,428a
405b,428b
405c,428c
405d,428d
405e,428e
405f,428f
405g,428g
405h,428h
405i,428i
405j,428j
405k,428k
405l,428l
405m,428m
406a,417a
406b,417b
406c,417c
406d,417d
406d1,417d1
406e,417e
406f,417f
406g,417g
407a,408a
407b,408b
407c,408c
407d,408d
407e,408e
407e1,408e1
407e2,408e2
407e3,408e3
407f,408f
407g,408g
407h,408h
407i,408i
407j,408j
407k,408k
407l,418a
407m,408m
407n,408n
407o,418b
408a,419a
408a1,419a1
408a2,419a2
408b,419b
408b1,419b1
408b2,419b2
408c,419c
408c1,419c1
408c2,419c2
408c3,419c3
408d,419d
408d1,419d1
408d2,419d2
408e,419e
408e1,419e1
408e2,419e2
408f,419f
408f1,419f1
408f2,419f2
408g,419g
408h,419h
408h1,419h1
408i,419i
408j,419j
408k,419k
409a,420a
409b,420b
409c,420c
409d,420d
409e,420e
409f,420f
409g,420g
409h,420h
409i,420i
410a,421a
410b,421b
410c,421c
410d,421d
411a,422a
411b,422b
411c,422c
411d,422d
411e,422e
411f,422f
411g,422g
411h,422h
411i,422i
411j,422j
412a,423a
412b,423b
412c,423c
412d,423d
413a,424a
413b,424b
413c,424c
413d,424d
413e,424e
413f,424f
413g,424g
413h,424h
413i,424i
413j,424j
414a,425a
414b,425b
414c,425c
414d,425d
415a,426a
415a1,426a1
415b,426b
415b1,426b1
415c,426c
415c1,426c1
415d,426d
415d1,426d1
415e,426e
415f,426f
416a,429a
416b,429b
416c,429c
417a,427a
417b,427b
417c,427c
418a,430a
418b,430b
418c,430c
419a,431a
419b,431b
419c,431c
419d,431d
419e,431e
419f,431f
419g,431g
419h,431h
419h1,431h1
419h2,431h2
419i,431i
419j,431j
419k,431k
419l,431l
420a,432a
420b,432b
420c,432c
420d,432d
420e,432e
420f,432f
420g,432g
420h,432h
420i,432i
420j,432j
420k,432k
420l,432l
421a,433a
421b,433b
421c,433c
421d,433d
422a,434a
422b,434b
422c,434c
422d,434d
422e,434e
422f,434f
422g,434g
423a,435a
423b,435b
423c,435c
423d,435d
423e,435e
423f,435f
423g,435g
423h,435h
424a,436a
425a,437a
425b,437b
425c,437c
425d,437d
425e,437e
425f,437f
425g,437g
425h,437h
426a,438a
426b,438b
426c,438c
426d,438d
427a,439a
427b,439b
428a,440a
428b,440b
428c,440c
428d,440d
428e,440e
428f,440f
428g,440g
428h,440h
429a,441a
429b,441b
429c,441c
429d,441d
429e,441e
429f,441f
429g,441g
429h,441h
429i,441i
429j,441j
429k,441k
429l,441l
429m,441m
429n,441n
430a,442a
430b,442b
430c,442c
430d,442d
430e,442e
430f,442f
430g,442g
430h,442h
430i,442i
430j,442j
431a,443a
431b,443b
431c,443c
431d,443d
431e,443e
431f,443f
432a,444a
432a1,444a1
432b,444b
432b1,444b1
432c,444c
432d,444d
433a,445a
433b,445b
433c,445c
433d,445d
434a,446a
434a1,446a1
434b,446b
434c,446c
434d,446d
434e,446e
434f,446f
434g,446g
435a,447a
435b,447b
435c,447c
435d,447d
435e,447e
435f,447f
436a,448a
436b,448b
437a,449a
437b,449b
437c,449c
437d,449d
437e,449e
437f,449f
437g,449g
437h,449h
438a,450a
438b,450b
438c,450c
438d,450d
438e,450e
438f,450f
438g,450g
438h,450h
438i,450i
438i1,450i1
438k,450k
438l,450l
439a,451a
439b,451b
439c,451c
439d,451d
439e,451e
439f,451f
439g,451g
439h,451h
439i,451i
439j,451j
439k,451k
439l,451l
439m,451m
439n,451n
440a,452a
440b,452b
440c,452c
440d,452d
440e,452e
440f,452f
440g,452g
441a,457a
441b,457b
442a,453a
442b,453b
442c,453c
442d,453d
442e,453e
443a,454a
443b,454b
443c,454c
443d,454d
443e,454e
443f,454f
444a,456a
444b,456b
444c,456c
445a,455a
445a1,455a1
445b,455b
445b1,455b1
445c,455c
445d,455d
445d1,455d1
445e,455e
445e1,455e1
445f,455f
445g,455g
445h,455h
445i,455i
445j,455j
447a,458a
448a,459a
448b,459b
448b1,459b1
448c,459c
448d,459d
448e,459e
448f,459f
448f1,459f1
448g,459g
448h,459h
448i,459i
449a,460a
449b,460b
449c,460c
449d,460d
449e,460e
449f,460f
449g,460g
449h,460h
449i,460i
449j,460j
450a,461a
450b,461b
450c,461c
450d,461d
451a,462a
451b,462b
451c,462c
451d,462d
451e,462e
451f,462f
451g,462g
451h,462h
452a,463a
452b,463b
452c,463c
452d,463d
453a,464a
453b,464b
453c,464c
453d,464d
453e,464e
453f,464f
453g,464g
453h,464h
453i,464i
453j,464j
453k,464k
453l,464l
453m,464m
453n,464n
453o,464o
454a,465a
454b,465b
454c,465c
454d,465d
455a,466a
455b,466b
455c,466c
455d,466d
455e,466e
455f,466f
455g,466g
455h,466h
455i,466i
455j,466j
455k,466k
455l,466l
455m,466m
455n,466n
455o,466o
455p,466p
456a,467a
456b,467b
456c,467c
456d,467d
456e,467e
456f,467f
457a,468a
457b,468b
457c,468c
457d,468d
457e,468e
457f,468f
457g,468g
458a,469a
458b,469b
458c,469c
458d,469d
458e,469e
458f,469f
458g,469g
458h,469h
459a,470a
459b,470b
460a,471a
460b,471b
460c,471c
460d,471d
460e,471e
460f,471f
460g,471g
460h,471h
460i,471i
460j,471j
461a,472a
461b,472b
461c,472c
461d,472d
461e,472e
461f,472f
461g,472g
461h,472h
461i,472i
461j,472j
461k,472k
462a,474a
462b,474b
462c,474c
462d,474d
463a,473a
463b,473b
463c,473c
463d,473d
463e,473e
463f,473f
463g,473g
463h,473h
463i,473i
463j,473j
463k,473k
463l,473l
463m,473m
463n,473n
464a,475a
464b,475b
464c,475c
464d,475d
464e,475e
464f,475f
464g,475g
464h,475h
465a,476a
465b,476b
465c,476c
465d,476d
465e,476e
465f,476f
465g,476g
465h,476h
465i,476i
466a,477a
467a,478a
467b,478b
467c,478c
467d,478d
467e,478e
467f,478f
467g,478g
467h,478h
468a,479a
468b,479b
468c,479c
468d,479d
468e,479e
468f,479f
469a,480a
469b,480b
469c,480c
469d,480d
469e,480e
469f,480f
469g,480g
469h,480h
469i,480i
469j,480j
470a,481a
470b,481b
470c,481c
470d,481d
470e,481e
470f,481f
470g,481g
470h,481h
471a,482a
471b,482b
471c,482c
471d,482d
472a,483a
472b,483b
473aa,484aa
473ab,484ab
473ac,484ac
473ad,484ad
473ae,484ae
473af,484af
473ag,484ag
473ah,484ah
473ai,484ai
473aj,484aj
473ak,484ak
473al,484al
473ba,484ba
473bb,484bb
473bc,484bc
473bd,484bd
473be,484be
473bf,484bf
473bg,484bg
473bh,484bh
473bi,484bi
473bj,484bj
473bk,484bk
473ca,484ca
473cb,484cb
473cc,484cc
473cd,484cd
473ce,484ce
473cf,484cf
473cg,484cg
474a,485a
474b,485b
474c,485c
474d,485d
474e,485e
474f,485f
475a,486a
475a1,486a1
475b,486b
475c,486c
475d,486d
475e,486e
475f,486f
475g,486g
476a,487a
476b,487b
476c,487c
476d,487d
477a,488a
477b,488b
478a,489a
478b,489b
478c,489c
478d,489d
478e,489e
478f,489f
478g,489g
478h,489h
478i,489i
479a,490a
479b,490b
479c,490c
479d,490d
480a,491a
480b,491b
480c,491c
480d,491d
480e,491e
480f,491f
480g,491g
480h,491h
480i,491i
480j,491j
481a,492a
481b,492b
482a,493a
482b,493b
482c,493c
482d,493d
482e,493e
482f,493f
482g,493g
482h,493h
482i,493i
482j,493j
482k,493k
482l,493l
483a,494a
483b,494b
483c,494c
483d,494d
483e,494e
483f,494f
483g,494g
483h,494h
484a,496a
484b,496b
484c,496c
485a,495a
485b,495b
485c,495c
485d,495d
485e,495e
485f,495f
485g,495g
485h,495h
486a,497a
487a,498a
487a1,498a1
487b,498b
487c,498c
488a,499a
488b,499b
488c,499c
488d,499d
488e,499e
488f,499f
488g,499g
488h,499h
488h1,499h1
488i,499i
488j,499j
489a,500a
489b,500b
490a,501a
490b,501b
490c,501c
490d,501d
490e,501e
490f,501f
490g,501g
490h,501h
490i,501i
490j,501j
490k,501k
490l,501l
491a,502a
491b,502b
491c,502c
491d,502d
491e,502e
491f,502f
491g,502g
491h,502h
491i,502i
491j,502j
491k,502k
491l,502l
491m,502m
491n,502n
492a,503a
492b,503b
493a,504a
493b,504b
493c,504c
493d,504d
493e,504e
493f,504f
493g,504g
493h,504h
493i,504i
493j,504j
494a,505a
494b,505b
494c,505c
494d,505d
494e,505e
494f,505f
494g,505g
494h,505h
495a,506a
495b,506b
496a,507a
496b,507b
496c,507c
496d,507d
496e,507e
496f,507f
496g,507g
497a,508a
497b,508b
497c,508c
497d,508d
497e,508e
497f,508f
497g,508g
497h,508h
497i,508i
498a,509a
498b,509b
498c,509c
498d,509d
498e,509e
498f,509f
498g,509g
498h,509h
498i,509i
498j,509j
499a,510a
499b,510b
499c,510c
499d,510d
499e,510e
499f,510f
499g,510g
499h,510h
499i,510i
499j,510j
499k,510k
499l,510l
500a,511a
500b,511b
501a,512a
501b,512b
501c,512c
501d,512d
501e,512e
501f,512f
501g,512g
501h,512h
501i,512i
501j,512j
501k,512k
502a,513a
502b,513b
502c,513c
502d,513d
502e,513e
502f,513f
502g,513g
502h,513h
503a,514a
504a,515a
504b,515b
504c,515c
504d,515d
504e,515e
504f,515f
504g,515g
504h,515h
504i,515i
504j,515j
504k,515k
504l,515l
504m,523a
504n,515n
505a,516a
505b,516b
505c,516c
505d,516d
505e,516e
505f,516f
505g,516g
505h,516h
505i,516i
505j,516j
506a,517a
507a,518a
507b,518b
507c,518c
507d,518d
507e,518e
507f,518f
507g,518g
507h,518h
507i,518i
507j,518j
508a,519a
509a,520a
509b,520b
509c,520c
509d,520d
509e,520e
509f,520f
509g,520g
509h,520h
510a,521a
510b,521b
510c,521c
510d,521d
510e,521e
510f,521f
510g,521g
510h,521h
510i,521i
511a,522a
511b,522b
511c,522c
511d,522d
511e,522e
511f,522f
511g,522g
511h,522h
511i,522i
511j,522j
511k,522k
511l,522l
511m,522m
511n,522n
512a,524a
512b,524b
512c,524c
512d,524d
512e,524e
512f,524f
512g,524g
512h,524h
512h1,524h1
512h2,524h2
512i,524i
512j,524j
512k,524k
512l,524l
512m,524m
512n,524n
512o,524o
512p,524p
513a,525a
514a,526a
514b,526b
514c,526c
514d,526d
514e,526e
514f,526f
514g,526g
514h,526h
515a,527a
515b,527b
515b1,527b1
515c,527c
515d,527d
515e,527e
515f,527f
515g,527g
515h,527h
515i,527i
516a,528a
516b,528b
516c,528c
516d,528d
516e,528e
516f,528f
516g,528g
516h,528h
516i,528i
517a,529a
517b,529b
517c,529c
517d,529d
517e,529e
517f,529f
517g,529g
518a,531a
518b,531b
518c,531c
518d,531d
518e,531e
518f,531f
518g,531g
518h,531h
518i,531i
518j,531j
518k,531k
518l,531l
518m,531m
518n,531n
518o,531o
518p,531p
519a,530a
519b,530b
519c,530c
519d,530d
519e,530e
519f,530f
519g,530g
520a,532a
520b,532b
520c,532c
520d,532d
520e,532e
520f,532f
520g,532g
520h,532h
521a,533a
521b,533b
521c,533c
521d,533d
521e,533e
521f,533f
521g,533g
521h,533h
521i,533i
522a,534a
522b,534b
522c,534c
522d,534d
522e,534e
522f,534f
522g,534g
522h,534h
522i,534i
523a,535a
524a,536a
524b,536b
524c,536c
524d,536d
524e,536e
524f,536f
524g,536g
524h,536h
524i,536i
525a,537a
525b,537b
525c,537c
525d,537d
525e,537e
525f,537f
525g,537g
525h,537h
525i,537i
525j,537j
525k,537k
525l,537l
525m,537m
526a,538a
527a,539a
528a,540a
528b,540b
528c,540c
528d,540d
528e,540e
528f,540f
528g,540g
528h,540h
528h1,540h1
528h2,540h2
528i,540i
528j,540j
528k,540k
528l,540l
528m,540m
528n,540n
529a,541a
529a1,541a1
529b,541b
529c,541c
529d,541d
529e,541e
530a,542a
531a,543a
531b,543b
531b1,543b1
531c,543c
531d,543d
531e,543e
531f,543f
531g,543g
531h,543h
531i,543i
532a,544a
532b,544b
532c,544c
532d,544d
532e,544e
532f,544f
532g,544g
532h,544h
532i,544i
533a,545a
533b,545b
533c,545c
533d,545d
533e,545e
534a,546a
535a,547a
535b,547b
535c,547c
535d,547d
535e,547e
535f,547f
535g,547g
536a,548a
536b,548b
537a,550a
537b,550b
537c,550c
537d,550d
537e,550e
537f,550f
537g,550g
537h,550h
537i,550i
537j,550j
537k,550k
537l,550l
537m,550m
537n,550n
537o,550o
538a,549a
538b,549b
538c,549c
538d,549d
538e,549e
538f,549f
538g,549g
539a,551a
540a,552a
540b,552b
540c,552c
540d,552d
540e,552e
541a,553a
541b,553b
541c,553c
541d,553d
541e,553e
541f,553f
541g,553g
542a,554a
542b,554b
542c,554c
542d,554d
542e,554e
542f,554f
542g,554g
543a,555a
543b,555b
543c,555c
543d,555d
543e,555e
543f,555f
543g,555g
543h,555h
543i,555i
543j,555j
543k,555k
543l,555l
543m,555m
543n,555n
543o,555o
543p,555p
543q,555q
543r,555r
543s,555s
543t,555t
543u,555u
543v,555v
543w,555w
544a,556a
544a1,556a1
544a2,556a2
544b,556b
544b1,556b1
544c,556c
544c1,556c1
544d,556d
544d1,556d1
544e,556e
544e1,556e1
544f,556f
544g,556g
544h,556h
544h1,556h1
545a,557a
545b,557b
545c,557c
545d,557d
545e,557e
545f,557f
546a,558a
546b,558b
546c,558c
546d,558d
546e,558e
546f,558f
547a,559a
547b,559b
547c,559c
547d,559d
547e,559e
547f,559f
547g,559g
547h,559h
548a,560a
548a1,560a1
548b,560b
548c,560c
548d,560d
548e,560e
549a,561a
549b,561b
549c,561c
549d,561d
549e,561e
549f,561f
550a,562a
550b,562b
550c,562c
550d,562d
550e,562e
550f,562f
551a,563a
551b,563b
551c,563c
551d,563d
551e,563e
551f,563f
551f1,563f1
551f2,563f2
551g,563g
551g1,563g1
551h,563h
551i,563i
551j,563j
552a,565a
552b,565b
553a,566a
553b,566b
553c,566c
553d,566d
553e,566e
553f,566f
553g,566g
553h,566h
553i,566i
553j,566j
553k,566k
553l,566l
553m,566m
553n,566n
553o,566o
553p,566p
554a,567a
554b,567b
555a,564a
555b,564b
555c,564c
555d,564d
555e,564e
555f,564f
555g,564g
556a,568a
557a,569a
557b,569b
557c,569c
557d,569d
557e,569e
557f,569f
557f1,569f1
557g,569g
557h,569h
557i,569i
558a,570a
559a,572a
559b,572b
559c,572c
559d,572d
559e,572e
559f,572f
560a,573a
560b,573b
560c,573c
560d,573d
560e,573e
560f,573f
560g,573g
560h,573h
561a,574a
561b,574b
561c,574c
561c1,574c1
561d,574d
561e,574e
561f,574f
562a,575a
562b,575b
562c,575c
562d,575d
562e,575e
562f,575f
562g,575g
563a,576a
563b,576b
563c,576c
563d,576d
563e,576e
563f,576f
564a,577a
564b,577b
564c,577c
564d,577d
564e,577e
564f,577f
564g,577g
565a,578a
566a,579a
566a1,579a1
566b,579b
566b1,579b1
567a,580a
567b,580b
567c,580c
567d,580d
567e,580e
567f,580f
567g,580g
567h,580h
567i,580i
567j,580j
567k,580k
567l,580l
567m,580m
567n,580n
567o,580o
567p,580p
568a,581a
568b,581b
568c,581c
568d,581d
568e,581e
568f,581f
568g,581g
569a,582a
570a,583a
570a1,583a1
570b,583b
570c,583c
570d,583d
570e,583e
571a,584a
571b,584b
571c,584c
571d,584d
571e,584e
571f,584f
571g,584g
572a,586a
572b,586b
572c,586c
572d,586d
572e,586e
572f,586f
572g,586g
572h,586h
572i,586i
572j,586j
572k,586k
572l,586l
573a,587a
573b,587c
573c,587b
573d,587d
574a,588a
574b,588b
574c,588c
574d,588d
574e,588e
574f,588f
574g,588g
574h,588h
575a,585a
575b,585b
575c,585c
575d,585d
575e,585e
575f,585f
575g,585g
576a,589a
576b,589b
576c,589c
576d,589d
576e,589e
576f,589f
576pa,571a
576pb,571b
576pc,571c
576pd,571d
577a,590a
578a,591a
578b,591b
578c,591c
578d,591d
578e,591e
578f,591f
578g,591g
578h,591h
578i,591i
578j,591j
579a,592a
579b,592b
579c,592c
579d,592d
579e,592e
579f,592f
579g,592g
579h,592h
579i,592i
579j,592j
579k,592k
580a,593a
580b,593b
580c,593c
580d,593d
580e,593e
580f,593f
580g,593g
581a,594a
581b,594b
581c,594c
581d,594d
581e,594e
581f,594f
581g,594g
581h,594h
581i,594i
581j,594j
581k,594k
582a,595a
582b,595b
583a,596a
583b,596b
583c,596c
583d,596d
583e,596e
583f,596f
584a,597a
584b,597b
584c,597c
584d,597d
584e,597e
584f,597f
584g,597g
585a,598a
585b,598b
585c,598c
585d,598d
585e,598e
586a,599a
586b,599b
586c,599c
586d,599d
586e,599e
586f,599f
586g,599g
586h,599h
586i,599i
586j,599j
586k,599k
586l,599l
587a,600a
587a1,600a1
587b,600b
587c,600c
587d,600d
587e,600e
588a,601a
588b,601b
588c,601c
588d,601d
588e,601e
588f,601f
589a,602a
590a,603a
590b,603b
590c,603c
590d,603d
590e,603e
590f,603f
590g,603g
591a,604a
591b,604b
591c,604c
591d,604d
591e,604e
591f,604f
591g,604g
591h,604h
591i,604i
592a,606a
592b,606b
593a,607a
593b,607b
593c,607c
593d,607d
593e,607e
593f,607f
593g,607g
593h,607h
594a,605a
594b,605b
594c,605c
594d,605d
594e,605e
594f,605f
594g,605g
594h,605h
595a,608a
595b,608b
595c,608c
595d,608d
595e,608e
595f,608f
595g,608g
596a,609a
597a,610a
597b,610b
597c,610c
597d,610d
597e,610e
597f,610f
597g,610g
597h,610h
597i,610i
598a,611a
598b,611b
599a,612a
599b,612b
599c,612c
599d,612d
599e,612e
599f,612f
599g,612g
600a,613a
600a1,613a1
600b,613b
600b1,613b1
600c,613c
601a,614a
601b,614b
601c,614c
601d,614d
601e,614e
601f,614f
601g,614g
601h,614h
601i,614i
601j,614j
601k,614k
601l,614l
602a,615a
604a,617a
604b,617b
604c,617c
604d,617d
604e,617e
604f,617f
605a,618a
605b,618b
605c,618c
605d,618d
605e,618e
605f,618f
605g,618g
605h,618h
606a,619a
606b,619b
606c,619c
606d,619d
606e,619e
606f,619f
606g,619g
607a,620a
607b,620b
607c,620c
607d,620d
607e,620e
607f,620f
607g,620g
607h,620h
607i,620i
607j,620j
607k,620k
607l,620l
607m,620m
607n,620n
607o,620o
607p,620p
608a,621a
608b,621b
608c,621c
608d,621d
608e,621e
608f,621f
608g,621g
608h,621h
609a,623a
610a,624a
611a,622a
611b,622b
611c,622c
611d,622d
611e,622e
611f,622f
611g,622g
612a,625a
612b,625b
612c,625c
612d,625d
612e,625e
612f,625f
612g,625g
612h,625h
612i,625i
613a,626a
614a,627a
614b,627b
614c,627c
614d,627d
614e,627e
614f,627f
614g,627g
615a,628a
615b,628b
615c,628c
615d,628d
615e,628e
615f,628f
615g,628g
616a,629a
616b,629b
616c,629c
616d,629d
616e,629e
616f,629f
616g,629g
617a,630a
618a,631a
618b,631b
618c,631c
618d,631d
618e,631e
618f,631f
618g,631g
618h,631h
618i,631i
618j,631j
619a,632a
619b,632b
619c,632c
619d,632d
619e,632e
619f,632f
619g,632g
619h,632h
619i,632i
619j,632j
619k,632k
619l,632l
620a,633a
620b,633b
620c,633c
620d,633d
620e,633e
620f,633f
620g,633g
620h,633h
620i,633i
621a,634a
621b,634b
621c,634c
621d,634d
621e,634e
621f,634f
621g,634g
622a,635a
622b,635b
622c,635c
622d,635d
622e,635e
622f,635f
622g,635g
622h,635h
622i,635i
622j,635j
622k,635k
622l,635l
622m,635m
622n,635n
622o,635o
622p,635p
622q,635q
622r,635r
622s,635s
622t,635t
622u,635u
622v,635v
623a,636a
623b,636b
623c,636c
623d,636d
623e,636e
623f,636f
624a,637a
625a,638a
626a,639a
626b,639b
626c,639c
626d,639d
627a,640a
627a1,640a1
627b,640b
627c,640c
627d,640d
627e,640e
627f,640f
627g,640g
628a,641a
628b,641b
628c,641c
628d,641d
628e,641e
628f,641f
628g,641g
628h,641h
628i,641i
628j,641j
629a,642a
629b,642b
629c,642c
629d,642d
629e,642e
629f,642f
629g,642g
629h,642h
629i,642i
629j,642j
629k,642k
629l,642l
630a,643a
630b,643b
630c,643c
630d,643d
630e,643e
630f,643f
630g,643g
630h,643h
630i,643i
631aa,644aa
631ab,644ab
631ac,644ac
631ad,644ad
631ae,644ae
631af,644af
631ag,644ag
631ah,644ah
631ai,644ai
631aj,644aj
631ak,644ak
631al,644al
631am,644am
631an,644an
631ao,644ao
631ap,644ap
631aq,644aq
631ar,644ar
631as,644as
631at,644at
631au,644au
631av,644av
631aw,644aw
631ax,644ax
631ay,644ay
631az,644az
631ba,644ba
631bb,644bb
631bc,644bc
631bd,644bd
631be,644be
631bf,644bf
631bg,644bg
631bh,644bh
631bi,644bi
631bj,644bj
631bk,644bk
631bl,644bl
631bm,644bm
631bn,644bn
631bo,644bo
631bp,644bp
631bq,644bq
631br,644br
631bs,644bs
631bt,644bt
631bu,644bu
631bv,644bv
631bw,644bw
631bx,644bx
631by,644by
631bz,644bz
631ca,644ca
631cb,644cb
631cc,644cc
631cd,644cd
631ce,644ce
631cf,644cf
631cg,644cg
631ch,644ch
631ci,644ci
631cj,644cj
631ck,644ck
631cl,644cl
631cm,644cm
631cn,644cn
632a,645a
633a,646a
633b,646b
633c,646c
633d,646d
633e,646e
633f,646f
633g,646g
633h,646h
634a,647a
634b,647b
634c,647c
634d,647d
634e,647e
634f,647f
635a,648a
635b,648b
635c,648c
635d,648d
635e,648e
635f,648f
635g,648g
636a,649a
637a,650a
637b,650b
637c,650c
637d,650d
637e,650e
637f,650f
637g,650g
637h,650h
637i,650i
638a,651a
638b,651b
638c,651c
638d,651d
639a,652a
639b,652b
639c,652c
639d,652d
639e,652e
639f,652f
640a,653a
640b,653b
640c,653c
640d,653d
640e,653e
640f,653f
640g,653g
640h,653h
641a,654a
641b,654b
641c,654c
641d,654d
641e,654e
642a,655a
642b,655b
642b1,655b1
642c,655c
642d,655d
642e,655e
643a,656a
643b,656b
643c,656c
643d,656d
643e,656e
643f,656f
643g,656g
643h,656h
643i,656i
643j,656j
643k,656k
643l,656l
643m,656m
643n,656n
643o,656o
643p,656p
643q,656q
643r,656r
643s,656s
643t,656t
643u,656u
643v,656v
643w,656w
643x,656x
643y,656y
643z,656z
643za,656za
643zb,656zb
644a,657a
644b,657b
644c,657c
644d,657d
644e,657e
644f,657f
645a,658a
646a,659a
646b,659b
646c,659c
646d,659d
646e,659e
646f,659f
646g,659g
646h,659h
646i,659i
647a,660a
647b,660b
648a,661a
648b,661b
648c,661c
648d,661d
648e,661e
648f,661f
649a,662a
649b,662b
650a,663a
650b,663b
650c,663c
650d,663d
650e,663e
650f,663f
650g,663g
651aa,664aa
651ab,664ab
651ac,664ac
651ad,664ad
651ae,664ae
651af,664af
651ag,664ag
651ah,664ah
651ai,664ai
651aj,664aj
651ak,664ak
651al,664al
651am,664am
651an,664an
651ao,664ao
651ap,664ap
651aq,664aq
651ar,664ar
651as,664as
651at,664at
651au,664au
651av,664av
651aw,664aw
651ax,664ax
651ay,664ay
651az,664az
651ba,664ba
651bb,664bb
651bc,664bc
651bd,664bd
651be,664be
651bf,664bf
651bg,664bg
651bh,664bh
651bi,664bi
651bj,664bj
651bk,664bk
651bl,664bl
652a,665a
653a,666a
653b,666b
653c,666c
653d,666d
653e,666e
654a,667a
654b,667b
654c,667c
654d,667d
654e,667e
654f,667f
655a,668a
655b,668b
655c,668c
655d,668d
655e,668e
655f,668f
655g,668g
655h,668h
655i,668i
656a,669a
656b,669b
656c,669c
656d,669d
656e,669e
656f,669f
656g,669g
657a,670a
658a,671a
659a,672a
659b,672b
659c,672c
659d,672d
659e,672e
659f,672f
659g,672g
659h,672h
659i,672i
660a,673a
660b,673b
660c,673c
660d,673d
660e,673e
660f,673f
661a,674a
661a1,674a1
661b,674b
661b1,674b1
661c,674c
661c1,674c1
661d,674d
661d1,674d1
661e,674e
661e1,674e1
661f,674f
661f1,674f1
661g,674g
661h,674h
661i,674i
662a,675a
662b,675b
662c,675c
662d,675d
662e,675e
662f,675f
662g,675g
662h,675h
663a,676a
663b,676b
663c,676c
663d,676d
663e,676e
663f,676f
663g,676g
663h,676h
663i,676i
663j,676j
663k,676k
663l,676l
663m,676m
663n,676n
663o,676o
663p,676p
663q,676q
663r,676r
663s,676s
663t,676t
663u,676u
663v,676v
663w,676w
663x,676x
663y,676y
663z,676za
664a,677a
664b,677b
664b1,677b1
664c,677c
664d,677d
664e,677e
664f,677f
664g,677g
665a,678a
665b,678b
665c,678c
665d,678d
665e,678e
665f,678f
665g,678g
665h,678h
665i,678i
665j,678j
665k,678k
665l,678l
665m,678m
665n,678n
666a,679a
666b,679b
666c,679c
666d,679d
666e,679e
666f,679f
666g,679g
666h,679h
666i,679i
667a,680a
667b,680b
668a,681a
668b,681b
668c,681c
668d,681d
668e,681e
668f,681f
668g,681g
669a,682a
669b,682b
669c,682c
669d,682d
669e,682e
669f,682f
669g,682g
670aa,683aa
670ab,683ab
670ac,683ac
670ad,683ad
670ae,683ae
670af,683af
670ag,683ag
670ah,683ah
670ai,683ai
670aj,683aj
670ak,683ak
670al,683al
670am,683am
670an,683an
670ao,683ao
670ap,683ap
670aq,683aq
670ar,683ar
670as,683as
670at,683at
670au,683au
670av,683av
670aw,683aw
670ax,683ax
670ay,683ay
670az,683az
670ba,683ba
670bb,683bb
670bc,683bc
670bd,683bd
670bf,683bf
670bg,683bg
670bh,683bh
670bi,683bi
670bj,683bj
670bk,683bk
670bl,683bl
670bm,683bm
670bn,683bn
670bo,683bo
670bp,683bp
670bq,683bq
670br,683br
670bs,683bs
670bt,683bt
670bu,683bu
670bv,683bv
670bw,683bw
670bx,683bx
670by,683by
670bz,683bz
670ca,683ca
670cb,683cb
670cc,683cc
670cd,683cd
670ce,683ce
670cf,683cf
670cg,683cg
670ch,683ch
670ci,683ci
670cj,683cj
670ck,683ck
670cl,683cl
670cm,683cm
670cn,683cn
670co,683co
670cp,683cp
670cq,683cq
670cr,683cr
670cs,683cs
670ct,683ct
670cu,683cu
670cv,683cv
670cw,683cw
670cx,683cx
670cy,683cy
670cz,683cz
670da,683da
670db,683db
670dc,683dc
670dd,683dd
670de,683de
670df,683df
670dg,683dg
670dh,683dh
670di,683di
671a,684a
671b,684b
671c,684c
671d,684d
672a,685a
672a1,685a1
672b,685b
672b1,685b1
672c,685c
672c1,685c1
672d,685d
672d1,685d1
672e,685e
672f,685f
673a,686a
673b,686b
673c,686c
673d,686d
673e,686e
673f,686f
674a,687a
674a1,687a1
674b,687b
674b1,687b1
674c,687c
674c1,687c1
674d,687d
674d1,687d1
674e,687e
674e1,687e1
674f,687f
674g,687g
675a,688a
675b,688b
675c,688c
676a,689a
676b,689b
676c,689c
676d,689d
676e,689e
676f,689f
676g,689g
676h,689h
676i,689i
677a,690a
678a,691a
678a1,691a1
678b,691b
678b1,691b1
678c,691c
678c1,691c1
678d,691d
678d1,691d1
678e,691e
678e1,691e1
678f,691f
678g,691g
678h,691h
679a,692a
679b,692b
679c,692c
679d,692d
679e,692e
679f,692f
680a,693a
680b,693b
680c,693c
680d,693d
681a,694a
681b,694b
681b1,694b1
681c,694c
681d,694d
681e,694e
681f,694f
681g,694g
682a,695a
682b,695b
682c,695c
682d,695d
682e,695e
682f,695f
682g,695g
682h,695h
683a,696a
683a1,696a1
683b,696b
683b1,696b1
683c,696c
683d,696d
684a,697a
684b,697b
684c,697c
684d,697d
684e,697e
684f,697f
684g,697g
684h,697h
684i,697i
684j,697j
684k,697k
684l,697l
684m,697m
684n,697n
684o,697o
684p,697p
685a,698a
685a1,698a1
685b,698b
685b1,698b1
685c,698c
685d,698d
685e,698e
685f,698f
686a,699a
686b,699b
686c,699c
686d,699d
686e,699e
686f,699f
686g,699g
686h,699h
686i,699i
686j,699j
686k,699k
686l,699l
686m,699m
686n,699n
686o,699o
686p,699p
686q,699q
686r,699r
686s,699s
686t,699t
686u,699u
686v,699v
686w,699w
686x,699x
686y,699y
686z,699z
686za,699za
687a,700a
687b,700b
687c,700c
687d,700d
687e,700e
687f,700f
687g,700g
687h,700h
687i,700i
687j,700j
688a,701a
688b,701b
688c,701c
688d,701d
688e,701e
688f,701f
689a,702a
689b,702b
690a,703a
690b,703b
690c,703c
690d,703d
690e,703e
690f,703f
690g,703g
691aa,704aa
691ab,704ab
691ac,704ac
691ad,704ad
691ae,704ae
691af,704af
691ag,704ag
691ah,704ah
691ai,704ai
691aj,704aj
691ak,704ak
691al,704al
691am,704am
691an,704an
691ao,704ao
691ap,704ap
691aq,704aq
691ar,704ar
691as,704as
691at,704at
691au,704au
691av,704av
691aw,704aw
691ax,704ax
691ay,704ay
691az,704az
691ba,704ba
691bb,704bb
691bc,704bc
691bd,704bd
691be,704be
691bf,704bf
691bg,704bg
691bh,704bh
691bi,704bi
691bj,704bj
691bk,704bk
691bl,704bl
691bm,704bm
691bn,704bn
691bo,704bo
691bp,704bp
691bq,704bq
691br,704br
691bs,704bs
691bt,704bt
691bu,704bu
691bv,704bv
691bw,704bw
691bx,704bx
691by,704by
691bz,704bz
691ca,704ca
691cb,704cb
691cc,704cc
691cd,704cd
691ce,704ce
691cf,704cf
691cg,704cg
691ch,704ch
691ci,704ci
691cj,704cj
691ck,704ck
691cl,704cl
692a,705a
692b,705b
692c,705c
692d,705d
693a,706a
693b,706b
693c,706c
693d,706d
693e,706e
693f,706f
694a,708a
694a1,708a1
694b,708b
694b1,708b1
694c,708c
694c1,708c1
694d,708d
694d1,708d1
694e,708e
694e1,708e1
694f,708f
694f1,708f1
694g,708g
694h,708h
694i,708i
695a,707a
695b,707b
696a,709a
696b,709b
696c,709c
696d,709d
696e,709e
696f,709f
697a,710a
697b,710b
697c,710c
697d,710d
697e,710e
697f,710f
697g,710g
698a,711a
698b,711b
698c,711c
698d,711d
698e,711e
698f,711f
698g,711g
698h,711h
698i,711i
698j,711j
698k,711k
698l,711l
698m,711m
698n,711n
698o,711o
698p,711p
698q,711q
698r,711r
698s,711s
698t,711t
698u,711u
698v,711v
698w,711w
698x,711x
699a,712a
699b,712b
699c,712c
699d,712d
699e,712e
699f,712f
699g,712g
699h,712h
699i,712i
699j,712j
699k,712k
699l,712l
699m,712m
700a,713a
700a1,713a1
700b,713b
700b1,713b1
700c,713c
700c1,713c1
700d,713d
700d1,713d1
700e,713e
700e1,713e1
700f,713f
700f1,713f1
700g,713g
700h,713h
700i,713i
701a,714a
701b,714b
701b1,714b1
701c,714c
701d,714d
701e,714e
701f,714f
701g,714g
702a,715a
702b,715b
702c,715c
702d,715d
702e,715e
702f,715f
703a,716a
703b,716b
704a,717a
704b,717b
704c,717c
704d,717d
704e,717e
704f,717f
704g,717g
704h,717h
704i,717i
704j,717j
704k,717k
704l,717l
704m,717m
704n,717n
704o,717o
704p,717p
704q,717q
704r,717r
704s,717s
704t,717t
704u,717u
704v,717v
704w,717w
705a,718a
705b,718e
705c,718b
705d,718c
705e,718d
706a,719a
706b,719b
706c,719c
706d,719d
706e,719e
706f,719f
706g,719g
706h,719h
706i,719i
706j,719j
707a,720a
707b,720b
707c,720c
707d,720d
707e,720e
707f,720f
707g,720g
707h,720h
707i,720i
707j,720j
707k,720k
707l,720l
708a,721a
708b,721b
708c,721c
708d,721d
708e,721e
708f,721f
708g,721g
709a,722a
709b,722b
710a,723a
710b,723b
710c,723c
710d,723d
710e,723e
710f,723f
710g,723g
710h,723h
710i,723i
710j,723j
710k,723k
710l,723l
710m,723m
710n,723n
710o,723o
710p,723p
710q,723q
710r,723r
710s,723s
710t,723t
710u,723u
710va,723va
710vb,723vb
710vc,723vc
710vd,723vd
710ve,723ve
710vf,723vf
710vg,723vg
710vh,723vh
710vi,723vi
710vj,723vj
710vk,723vk
710vl,723vl
710vm,723vm
710vn,723vn
710vo,723vo
710vp,723vp
710vq,723vq
710vr,723vr
710vs,723vs
710vt,723vt
710vu,723vu
710vv,723vv
710vw,723vw
710vx,723vx
710vy,723vy
710vz,723vz
710wa,723wa
712a,725a
712b,725b
712c,725c
712d,725d
712e,725e
712f,725f
713a,726a
713b,726b
714a,727a
714b,727b
714c,727c
714d,727d
714e,727e
714f,727f
714g,727g
714h,727h
714i,727i
714j,727j
715a,728a
715b,728b
715c,728c
715d,728d
715e,728e
715f,728f
715g,728g
716a,729a
716b,729b
716c,729c
716d,729d
716e,729e
716f,729f
716g,729g
716h,729h
716i,729i
716j,729j
716k,729k
716l,729l
716m,729m
716n,729n
716o,729o
716p,729p
716q,729q
716r,729r
717a,730a
717b,730b
717c,730c
717d,730d
717e,730e
717f,730f
717g,730g
717h,730h
718a,731a
718a1,731a1
718b,731b
718c,731c
719a,732a
719b,732b
719c,732c
719d,732d
719e,732e
719f,732f
719g,732g
719h,732h
719i,732i
719j,732j
720a,733a
720a1,733a1
720b,733b
720b1,733b1
720c,733c
720c1,733c1
720d,733d
720d1,733d1
720e,733e
720e1,733e1
720f,733f
720f1,733f1
720g,733g
720h,733h
720i,733i
720j,733j
721a,734a
721b,734b
722a,735a
722b,735b
722c,735c
722d,735d
722e,735e
722f,735f
722g,735g
722h,735h
722i,735i
722j,735j
722k,735k
722l,735l
722m,735m
722n,735n
722o,735o
722p,735p
722q,735q
722r,735r
722s,735s
722t,735t
722u,735u
722v,735v
723a,736a
723b,736b
723c,736c
723d,736d
723e,736e
723f,736f
723g,736g
724a,737a
724b,737b
724b1,737b1
724c,737c
724d,737d
724e,737e
724f,737f
724g,737g
725a,738a
725b,738b
725c,738c
725d,738d
725e,738e
725f,738f
725g,738g
726a,739a
726b,739b
726c,739c
726d,739d
726e,739e
726f,739f
726g,739g
726h,739h
726i,739i
726j,739j
726k,739k
726l,739l
727a,740a
727b,740b
728a,741a
728b,741b
728c,741c
728d,741d
728e,741e
728f,741f
728g,741g
728h,741h
728i,741i
728j,741j
728k,741k
728l,741l
728m,741m
728n,741n
728o,741o
728p,741p
728q,741q
728r,741r
728s,741s
729a,742a
729b,742b
730a,743a
730b,743b
730c,743c
730d,743d
730e,743e
730f,743f
730g,743g
731a,744a
731b,744b
731c,744c
731d,744d
731e,744e
731f,744f
731g,744g
731h,744h
731i,744i
731j,744j
731k,744k
731l,744l
731m,744m
731n,744n
731o,744o
731p,744p
731q,744q
731r,744r
731s,744s
731t,744t
731u,744u
731va,744va
731vb,744vb
731vc,744vc
731vd,744vd
731ve,744ve
731vf,744vf
731vg,744vg
731vh,744vh
731vi,744vi
731vj,744vj
731vk,744vk
731vl,744vl
731vm,744vm
731vn,744vn
731vo,744vo
731vp,744vp
731vq,744vq
731vr,744vr
731vs,744vs
731vt,744vt
731vu,744vu
731vv,744vv
731vw,744vw
731vx,744vx
731vy,744vy
731vz,744vz
731wa,744wa
731wb,744wb
731wc,744wc
731wd,744wd
731we,744we
731wf,744wf
731wg,744wg
731wh,744wh
731wi,744wi
731wj,744wj
733a,746a
733b,746b
733c,746c
733d,746d
733e,746e
733f,746f
734a,747a
734b,747b
734c,747c
734d,747d
734e,747e
734f,747f
734g,747g
735a,748a
735b,748b
735c,748c
735d,748d
735e,748e
735f,748f
735g,748g
736a,749a
736b,749b
736c,749c
736d,749d
736e,749e
736f,749f
736g,749g
736h,749h
736i,749i
737a,750a
737b,750b
737c,750c
737d,750d
737e,750e
737f,750f
737g,750g
737h,750h
737i,750i
737j,750j
738a,751a
738b,751b
739a,267a
739b,267b
739c,267c
739d,267d
739e,267e
740a,279a
740b,279b
740c,279c
740d,279d
740e,279e
740f,279f
741a,305a
741b,305b
741c,305c
741d,305d
741e,305e
741f,305f
741g,305g
742a,330a
742b,330b
743a,333a
743b,333b
743c,333c
743d,333d
743e,333e
743f,333f
744a,358a
744b,358b
744c,358c
744d,358d
744e,358e
744f,358f
744g,358g
744h,358h
745a,416a
745b,416b
745c,416c
745d,416d
745e,416e
745f,416f
745g,416g
746a,752a
746a1,752a1
746b,752b
746b1,752b1
746c,752c
746c1,752c1
746d,752d
746d1,752d1
746e,752e
746e1,752e1
746f,752f
746f1,752f1
746g,752g
746h,752h
746i,752i
746j,752j
747a,753a
747b,753b
747c,753c
747d,753d
747e,753e
747f,753f
747g,753g
747h,753h
747i,753i
748a,754a
748b,754b
748c,754c
748d,754d
748e,754e
748f,754f
748g,754g
748h,754h
748i,754i
748j,754j
748k,754k
748l,754l
748m,754m
748n,754n
748o,754o
748p,754p
748q,754q
748r,754r
748s,754s
748t,754t
748u,754u
748v,754v
749a,755a
749b,755b
749c,755c
749d,755d
749e,755e
749f,755f
749g,755g
749h,755h
749i,755i
750a,756a
750b,756b
750b1,756b1
750c,756c
750d,756d
750e,756e
750f,756f
750g,756g
750h,756h
751a,757a
751b,757b
751c,757c
751d,757d
751e,757e
751f,757f
751g,757g
752a,758a
752b,758b
753a,759a
753b,759b
753c,759c
753d,759d
753e,759e
753f,759f
753g,759g
753h,759h
753i,759i
753j,759j
753k,759k
753l,759l
754a,760a
754b,760b
754c,760c
754d,760d
754e,760e
754f,760f
754g,760g
754h,760h
754i,760i
754j,760j
754k,760k
754l,760l
754m,760m
754n,760n
754o,760o
754p,760p
754q,760q
754r,760r
754s,760s
755a,761a
755b,761b
755c,761c
755d,761d
755e,761e
755f,761f
755g,761g
755h,761h
755i,761i
10000a,10000a
10001a,10001a
